ibo_Latn	sentiment
Ihe nkiri a na-eme ka a mara ihe na-eme n'oge a na-ak·ª•ziri any·ªã ak·ª•k·ªç ihe mere eme na-echetara any·ªã na Na·ªãjir·ªãa, ihe nd·ªã na-agbanwe agbanwe, ihe nd·ªã na-eme ka ha na-agbagha.	positive
·ªå b·ª• nn·ªç·ªç ·ªçr·ª• na nch·ªçnch·ªç d·ªã ukwuu ka e ji mee ya, ·ªç d·ªãkwa nn·ªç·ªç mma, ·ªç d·ªãkwa mfe ma d·ªã mma.	positive
My Village People b·ª• ihe nkiri nke ga-eme ka ·ªã ghara inwe ·ªçz·ª•z·ª• ·ª•l·ªç g·ªã mgbe ·ªã na-ekiri ya. Ma ·ªç b·ª• ihe nch·ªçghar·ªã ·ª•z·ªç. Nollywood n'ozuzu emegh·ªã ezigbo ·ªçr·ª• nke ime ka ihe kar·ªãr·ªã okike sexy na-ad·ªçr·ªç mmas·ªã. My Village People na-eme ya n'enwegh·ªã mgbal·ªã, ma kwes·ªãr·ªã ·ªçt·ª•t·ª• otuto.	positive
Ak·ª•k·ªç ah·ª• ab·ª•gh·ªã ihe any·ªã na-ah·ª•begh·ªã tupu mana ·ªç na-ak·ªç site na echiche Naijiria, ·ªç na-at·ªç ·ªçch·ªã, na-at·ªç ·ª•t·ªç ma na-ekwu okwu d·ªã ukwuu ma e jiri ya t·ª•nyere nd·ªã ·ªçz·ªç d·ªã na ah·ªãa Naijiria... ... enwere m mmas·ªã na fim ah·ª•, m ga-akwado ya (n'ezie nd·ªã Naija m!).	positive
1980s, ·ªçgw·ª• mules, mara mma nwa inyom ... m na-na heaven	positive
Ihe nkiri ah·ª• d·ªã ezigbo mma, ma ·ªç d·ªã nway·ªç·ªç, ·ªç d·ªãkwa nn·ªç·ªç mma n'anya. . . . ·ªå d·ªã mma, o dabeere n'ihe nd·ªã mere eme na ak·ª•k·ªç kwes·ªãr·ªã ekwes·ªã.	positive
Ndozi... ekele maka nke a. M na-enwe mmas·ªã na ya. Ma m Nelson Orah mere ka √†gw√† nke Ahmed, ·ªç b·ª•gh·ªã Umar. M ga-enwe ekele ma ·ªç b·ª•r·ª• na ·ªç na-edozi.	positive
·ªå b·ª• Super Fantastic! ·ªä ch·ªçr·ªç ·ªãh·ª• ihe nkiri a. Ihe nkiri a b·ª• ihe na-at·ªç ·ª•t·ªç nke ukwuu.	positive
M nwere obi ·ª•t·ªç mgbe m h·ª•r·ª• fim ah·ª•, ihe niile d·ªã na ya. M nwere mmas·ªã kar·ªãs·ªãa na √†gw√† nke nd·ªã na-eme ihe nkiri na nd·ªã ·ªçr·ª• ah·ª•. Onye nduzi, Kemi Adetiba mere nnukwu ·ªçr·ª• ma enwere m nn·ªç·ªç obi ·ª•t·ªç na ya. M na-at·ª• aro ya ·ªçt·ª•t·ª• nd·ªã. M na-at·ª• anya ·ªãh·ª• ·ªçr·ª• ya ·ªçz·ªç.	positive
Genevieve Nnaji na-agba ·ª•kw·ª• ya n'·ª•z·ªç doro anya n'ime pantheon nke ezigbo nd·ªã nduzi. ·ªå nagh·ªã emechu ya ihu na mbido ya, Obi ·ªåd·ª•m. ·ªå b·ª• ihe a ga-ele anya, ebe ·ªç na-akp·ªçsa ·ªçm·ª•m·ª• nke Nollywood mba.	positive
Nollywood na ·ªçganihu ya!!!! . . . . Ihe nkiri a na-ak·ªç ak·ª•k·ªç banyere ·ªçd·ªãbend·ªã, ·ªãd·ªã n'otu na ezin·ª•l·ªç.	positive
Ihe nkiri d·ªã mma nke na-egosi ihe ize nd·ª• nke agb·ª•r·ª• nd·ªã Naijiria na ot√∫ o nwere ike isi met·ª•ta ·ªãh·ª•nanya na-eto eto.	positive
Ihe nkiri a b·ª• onyinye d·ªã mma n'·ª•d·ªã ah·ª•.	positive
M h·ª•r·ª• ihe nkiri a n'anya. ... M n'ezie juru m anya na-ag·ª• na-ad·ªãgh·ªã mma reviews maka ihe nkiri a. Any·ªã maara n'ezie ihe a mma nkiri b·ª•? Nke a na fim b·ª• n'ezie mma, nn·ªç·ªç ·ª•t·ªç.	positive
M h·ª•r·ª• ihe nkiri ah·ª• na Houston Texas ... nke a kwes·ªãr·ªã inwe ihe Oscar.	positive
Onye ·ªç b·ª•la h·ª•r·ª• nk√† n'anya, onye h·ª•woro ak·ª•k·ª• nke mb·ª•, ga-ama na e mep·ª•tara at·ª•mat·ª• na ak·ª•k·ªç ah·ª• na D.E.R.E. na nke a b·ª• ihe na-esote.	positive
Ihe si na ya p·ª•ta d·ªã mma.	positive
Ihe nkiri ah·ª• b·ª• ihe nkiri na-egosi ot√∫ ihe d·ªã n'ezie n√° nd·ª• nd·ªã ·ªçr·ª• ·ª•gb·ªç ala, nd·ªã na-am·ª•r·ª• ihe na nd·ªã ah·ªãa. ·ªå na-ak·ª•zikwara nd·ªã nne na nna na ·ª•m·ª•aka ihe d·ªã mma. ·ªå b·ª• ihe nkiri na-egosi ihe d·ªã ka ihe zuru ok√®.	positive
Ihe nkiri mp·ª• d·ªã egwu nke nwere mmet·ª•ta d·ªã egwu nke nwere ·ªçd·ªãd·ªã ak·ª•k·ªç ihe mere eme, nke a b·ª• ihe nkiri nwere ·ªçt·ª•t·ª• ihe odide, ·ªç d·ªãgh·ªãkwa ihe nkiri ·ªç b·ª•la e mebiri.	positive
Nnukwu ihe ·ªãga nke ·ªçma n'ime ihe nkiri ah·ª•... onye edemede na onye nduzi ah·ª• nwere ·ªçg·ª•g·ª• isi na ihe okike.	positive
M nwere mmas·ªã ·ªãh·ª• ak·ª•k·ª• d·ªã nn·ªç·ªç mma nke Lagos, ma n'ala na agwaetiti, eji, n'ad·ªãgh·ªã ka ihe nkiri nd·ªã ·ªçz·ªç na-an·ªç n'otu ebe. Lagos b·ª• ebe mara mma iji gbaa ihe nkiri, kar·ªãs·ªãa ma ·ªç b·ª•r·ª• na e jiri ·ªçd·ªãiche d·ªã iche iche nke steeti mee ihe, d·ªã ka a h·ª•r·ª• ebe a. Ihe nkiri ihe mberede na-esikar·ªã ike igosi Nollywood, ma ·ªç b·ª• ihe ijuanya na-at·ªç ·ª•t·ªç ·ªãh·ª• ebe a p·ª•r·ª• ·ªãt·ª•kwas·ªã obi.	positive
Ak·ª•k·ª• nke fim ah·ª•. Ihe nkiri zuru ok√®. M h·ª•r·ª• nke ·ªç b·ª•la n'ime ihe nkiri ah·ª• n'anya. Ach·ªçr·ªç m ka ·ªç ghara ·ªãkw·ª•s·ªã.	positive
Akinnuoye-Agbaje mere ihe nkiri ah·ª• na-egosi na ·ªç b·ª• ihe na-akpata nsogbu na-egosi na ·ªç b·ª• ihe na-akpata nsogbu. Mgbe ·ª•f·ªçd·ª•, ·ªç na-egosi na ·ªç na-ewere ihe f·ªçr·ªç nke nta ka ·ªç b·ª•r·ª• ihe na-akpali akpali nke na-egosi na ·ªç b·ª• ihe bara uru n'·ª•z·ªç na-ad·ªçr·ªç mmas·ªã nke na-ad·ªçr·ªç mmas·ªã na mmet·ª•ta nke onye na-echeta ak·ª•k·ªç nd·ª• ha - nke mejup·ª•tara nk·ªçwa d·ªã mkpa na oge nd·ªã na-akpata ihe mberede - ·ªç b·ª• ezie na mgbe ·ª•f·ªçd·ª• ·ªç na-esiri ya ike ijide ma nwee ekele maka oge na-emebi ihe na-ad·ªãgh·ªã mma. N'otu aka ah·ª•, ·ª•z·ªç nkwado na-enwegh·ªã isi na-enwegh·ªã ike ·ªãmata ·ªçd·ªãd·ªã nke onye ·ªç b·ª•la site na ·ªãnweta ha. N'agbanyegh·ªã na ·ªç d·ªã mkpa ka nd·ªã na-ekiri ihe nkiri ah·ª• na-etinye uche na ya.	positive
ihe nkiri d·ªã ·ªãt·ª•nanya ga-ah·ª•	positive
·ªåmar·ªãcha usoro. Enwere m mmas·ªã na ihe ngosi a. Nd·ªã odide niile d·ªã egwu ma na-at·ªç m ·ª•t·ªç ile anya. Olileanya na ·ªç ga-an·ªçgide na-ad·ªãgide ruo ·ªçt·ª•t·ª• oge. Na-at·ª• anya oge ·ªçz·ªç!!!	positive
N'·ªãr·ª• ·ªçr·ª• site na edemede nke onye edemede Darci Picoult, Dosunmu na-emep·ª•ta ak·ª•k·ªç nke b·ª• eziokwu, melodramatic na omenala ak·ªçwap·ª•tara (any·ªã na-etinye oge d·ªã ukwuu na-ele uwe nd·ªã nwere agba d·ªã iche iche anya d·ªãka any·ªã na-enwe mmas·ªã na ihu Gurira nke na-enwegh·ªã njedebe), ma ·ªç b·ª• ihe at·ª•.	positive
·ªåmar·ªãcha ihe nkiri!	positive
·ªå d·ªãgh·ªã okwu ·ªç b·ª•la ga-ak·ªçwa ike nke ihe nkiri a na ncheta ya nke ot√∫ ·ªç b·ª• ihe obi ·ª•t·ªç na ·ªç d·ªãgh·ªã mgbe ·ªç d·ªã nd·ª• site a agha obodo.	positive
·ªå mara mma .	positive
Ihe at·ª• ziri ezi nke nd·ªã Igbo. . . . obi ·ªçd·ª•m n·ªçchiri anya ihe ·ªãb·ª• nd·ªã Igbo p·ª•tara n'ezie - usoro ibi nd·ª• na-ar·ª•si ·ªçr·ª• ike na nke obodo.	positive
E nwere ·ªçt·ª•t·ª• ihe nd·ªã d·ªã nro na-eme ebe a na ebe ah·ª• na ·ª•f·ªçd·ª• ihe nd·ªã na-eme ka ·ªç d·ªã ntak·ªãr·ªã ma ·ªç b·ª• na-enwegh·ªã isi maka m mana n'ozuzu m nwere mmas·ªã na ya maka ihe ·ªç b·ª•.	positive
·ªå b·ª• ezie na isiokwu nd·ªã a b·ª•, n'ezie, ihe na-eme ka nd·ªã na-eme ihe nkiri ghara inwe mmas·ªã na ihe nkiri ah·ª•, nd·ªã na-eme ihe nkiri anagh·ªã eme ihe ngosi na-egosi ihe nkiri gara aga. Olu ha b·ª• nke ha; igwefoto ah·ª• na-agaghar·ªã mgbe ·ªç d·ªã mkpa, ma na-eguzo ·ªçt·ª•t·ª• oge, na-ahap·ª• nd·ªã na-eme ihe nkiri ah·ª• ka ha wuo nd·ªã odide ha ka ihe nd·ªã mere na fim ah·ª• na-anwale ntachi obi ha.	positive
Funny Funny ... Oh mehn, nke a na-ese ihe nkiri b·ª• super funny. ma ·ªç b·ª•r·ª• na ·ªã na-ach·ªç a nkiri na-ebuli g·ªã mood mgbe ah·ª• a b·ª• nri nkiri maka g·ªã.	positive
·ªåmar·ªãcha ihe nkiri!!. Nke a ga-ab·ª• ihe nkiri kachas·ªã mma nke na-ab·ªãa na Nigeria, ka any·ªã ghara ikwu banyere ihe ·ªçch·ªã na-at·ªç ·ªçch·ªã!	positive
ND·ªä NWANY·ªä AFRIKAN·ªä mara mma	positive
Amagh·ªã m ihe mere nd·ªã mmad·ª• ji nye fim a ·ªçkwa d·ªã ala ma kwere m na mgbe ogologo oge gas·ªãr·ªã, ah·ª•r·ª• m ihe d·ªã mma, mara mma, d·ªã ·ªçcha ma d·ªã mma kar·ªãa ihe nkiri Bollywood.	positive
Ihe osise nke ihe nkiri a d·ªã mma, onye nduzi ah·ª• r·ª•kwara ·ªçr·ª• d·ªã mma.	positive
Ihe a o mere t·ªçr·ªç m ezigbo ·ª•t·ªç, ·ªç na-at·ªçkwa m ·ª•t·ªç ot√∫ e si k·ªçwaa ihe nd·ªã d·ªã mkpa.	positive
Ihe d·ªã mkpa n'·ªãt·ª•ghar·ªã ak·ª•k·ªç any·ªã. . . . Ihe nkiri a egosila ak·ª•k·ª• miri emi nke ·ªçg·ª• nd·ªã any·ªã na-elegharakar·ªã anya. ·ªå d·ªã mfe ·ªãh·ª• onye ·ªã ga-ekpe ikpe, ma mgbe a k·ªç·ªçr·ªç g·ªã ak·ª•k·ªç nd·ªã d·ªã ot√∫ a, ·ªã na-amalite ile mmad·ª• nile anya n'·ª•z·ªç d·ªã iche. ·ªå b·ª• ezie na njedebe ah·ª• na-eme ka ·ªã n·ªçr·ªç n'·ªçn·ªçd·ª• d·ªã ize nd·ª• ma na-eme ka ·ªã n·ªçr·ªç n'ok√© nchegbu na-at·ª•ghar·ªã uche n'ihe ·ªã h·ª•r·ª•.	positive
Ebe!!! üî•üî•üî•. . N'ezie African film nke af·ªç, ·ª•t·ªç ·ªç b·ª•la nkeji nke 2hours 30minutes üòÄüëèüëèüëèüî•üî•üî•üî•üî•üî•üî•üî•‚úå	positive
Ak·ª•k·ªç a na-ad·ªãgh·ªã ah·ª•kebe banyere ·ª•kp·ª•r·ª• ezin·ª•l·ªç site n'echiche p·ª•r·ª• iche.	positive
N'ikpeaz·ª•, ·ªç b·ª• nnukwu ihe nkiri Naijiria. Kemgbe ·ªçt·ª•t·ª• af·ªç, m na-enwe olileanya na Naijiria ga-emep·ª•ta ezigbo ihe nkiri, ·ªç b·ª•kwa ebe ah·ª• ka ·ª•m·ª•nne Esiri b·ªãara.	positive
N'ikwu eziokwu, ihe nkiri a d·ªã nn·ªç·ªç mma n'ihe banyere mmep·ª•ta na ihe nd·ªã na-esote ya.	positive
O siri ike na e nwere oge nke nkeji ise na fim a na-enwegh·ªã ihe ·ªç b·ª•la na-am·ª•m·ª• ·ªçn·ª• ·ªçch·ªã, na-ach·ªã ·ªçch·ªã ma ·ªç b·ª• na-ach·ªã ·ªçch·ªã. Echegh·ªã m na e nwere ihe nkiri Nigerian nke na-emeri nke a na ya genre (Fictional Comedy).	positive
Ihe nkiri a b·ª• nn·ªç·ªç ihe na-ad·ªãgh·ªã mma nke ga-eme ka ·ªã na-am·ª•m·ª• ·ªçn·ª• ·ªçch·ªã mgbe ·ª•b·ªçch·ªã ·ªçj·ªç·ªç gas·ªãr·ªã.	positive
Ihe m na-ad·ªãgh·ªã amas·ªã na fim a b·ª• na ·ªç d·ªãgh·ªã ihe jik·ªçr·ªç ya na nd·ªã Na·ªãjir·ªãa ma ·ªç b·ª• nd·ªã India.	positive
Ak·ª•k·ªç ah·ª• malitere nway·ªç, ma ·ªã ga-an·ªçgide na ya.	positive
King of Boys... usoro a b·ª• nn·ªç·ªç ihe ·ªãt·ª•nanya, site na usoro ak·ª•k·ªç ruo nd·ªã na-ese ihe nkiri, uwe na mmet·ª•ta uche nke onye isi na-ese. Obi d·ªã m ·ª•t·ªç ·ªãb·ª• onye Naijiria n'oge a.	positive
A ga-ah·ª• maka onye ·ªç b·ª•la. . . Namaste wahala b·ª• a masterpiece na n'·ª•z·ªç ·ªçr·ª• aka a cross-omenala. a Nollywood Bollywood mmekorita nwere ihe niile na a ·ªçma ihunanya film kwes·ªãr·ªã inwe, Indian eme ihe nkiri niile d·ªã ukwuu na-egwuri ha ·ªçr·ª• zuru ok√®.	positive
·ªå b·ª• eziokwu, ·ªç na-at·ªç ·ª•t·ªç, na-at·ªçkwa ·ª•t·ªç, enwere m ike ile ya ·ª•b·ªçch·ªã niile. ·ªå ga-amas·ªã m ka ha na-aga n'elu ihe kar·ªãr·ªã otu ugboro n'izu, ma e wez·ª•ga nke ah·ª•, ·ªç d·ªã mma.	positive
N'ihe gbasara Nollywood, m ga-enye fim a akara 9 n'ihi na ·ªç b·ª• ak·ª•k·ªç p·ª•r·ª• iche na mmep·ª•ta d·ªã mma nke na-eme ka ·ªç d·ªã iche na fim nd·ªã ·ªçz·ªç nke Na·ªãjir·ªãa	positive
·ªå d·ªã mma, ·ªç d·ªã mma, ·ªç na-at·ªçkwa m ·ª•t·ªç.	positive
N'ezie, ·ªç na-egosi Chineke ot√∫ Chineke kwes·ªãr·ªã isi g·ªçzie onye edemede, nd·ªã mmep·ª•ta ihe, na nd·ªã nile so na ya. Nd·ªã na-eme ihe nkiri ah·ª• b·ª•kwa nd·ªã kas·ªã elu, onye ·ªç b·ª•la r·ª•r·ª• ·ªçr·ª• d·ªã ·ªãt·ª•nanya.	positive
M nwere mmas·ªã n' mmek·ªçr·ªãta d·ªã n' etiti Mr Tayo (Bimbo Manuel) na Ejiro (RMD),	positive
Otu ihe na-amas·ªã m banyere ihe nkiri ah·ª• b·ª• ot√∫ e si k·ªç·ªç ak·ª•k·ªç ah·ª• na ·ª•z·ªç nd·ªã na-eme ihe nkiri si k·ªçwaa ya. Nd·ªã edemede, nd·ªã nduzi na nd·ªã na-ese ihe nkiri kwes·ªãr·ªã ka a jaa ha mma maka mgbal·ªã a. 	positive
Best Christian Movie!!! . . . . M h·ª•r·ª• n'anya nke a na fim! ·ªç b·ª• nn·ªç·ªç mma mere - The na-eme ihe nkiri b·ª• egwu na ak·ª•k·ªç b·ª• na-enye ume ·ªçh·ª•r·ª•. Kudos ka dum cast na √¨gw√®!	positive
M h·ª•r·ª• ya n'anya! . . m h·ª•r·ª• ihe nkiri ah·ª• n'anya, nd·ªã na-eme ihe nkiri, onye nduzi wdg Onye ·ªç b·ª•la mere ya n'·ª•z·ªç zuru oke na nk√† ihe nkiri ha. . . . Onye ·ªç b·ª•la nke na-ah·ª• ya d·ªã nj·ªç amagh·ªã nke ·ªçma ihe nkiri d·ªã mma, ma elegh·ªã anya ·ªç p·ª•gh·ªã ·ªãmek·ªçr·ªãta na omenala any·ªã.	positive
Ihe nkiri ah·ª• d·ªã ·ªãt·ª•nanya na nd·ªã mara mma.	positive
·ªåmar·ªãcha ihe nkiri, ·ªçmar·ªãcha nduzi, ak·ª•k·ªç na-ad·ªãgh·ªã mma.	positive
Ihe na-at·ªç m ·ª•t·ªç. Ihe nkiri ah·ª• t·ªçr·ªç m ezigbo ·ª•t·ªç. Ihe nd·ªã a k·ªçr·ªç na ya na-at·ªçkwa m ezigbo ·ª•t·ªç.	positive
Gabriel Afolayan n·ªç n'·ªçkw√° nke ya d·ªã ka onye na-eme ihe nkiri; ·ªç na-agh·ªçta ·ªçr·ª• ah·ª• mgbe niile.	positive
·ªå b·ª•gh·ªã ot√∫ ah·ª• ka ·ªç d·ªã nj·ªç d·ªã ka e kwuru.	positive
Nnukwu ihe nkiri na ok√© ihe omume... ok√© ak·ª•k·ªç mb·ª• ok√© ihe omume na ok√© ihe nkiri niile jik·ªçtara n'ime otu.	positive
Ihe nkiri a na-eme nke ·ªçma, nke a r·ª•r·ª• nke ·ªçma nke na-agbasi mb·ªç ike iji ihe nd·ªã melodrama ch·ªçr·ªç mee ihe n'otu oge na-agba mb·ªç ijide oge ak·ª•k·ªç ihe mere eme.	positive
·ªå d·ªã ·ªãt·ª•nanya. . .Mgbe mb·ª• m h·ª•r·ª• ihe nkiri a, o juru m anya. Ach·ªçgh·ªã m ka ·ªç d·ªã m ka mÃÄ b·ª• onye nzuzu, ma ana m agbal·ªã ·ªãm·ª• ihe nd·ªã d·ªã n'·ª•wa a. Enwere m olileanya ·ªãh·ª• ihe nkiri nke ab·ª•·ªç nwere otu ihe odide ah·ª• na ihe omimi ka nj·ªç.	positive
·ªå b·ª• ihe ·ªãt·ª•nanya. M gaara na-ejikar·ªã a, ma n'eziokwu ·ªç b·ª• ihe ·ªãt·ª•nanya ak·ª•k·ªç. ·ªä p·ª•r·ª• ·ªãh·ª• na ·ªç nwere a ala mmefu ego, ma direction na ihuenyo play b·ª• ihe ·ªãt·ª•nanya! The choreography nke ·ªçg·ª• na-agagh·ªã eme nke a bit.	positive
Ak·ª•k·ªç na-akpali akpali banyere ezin·ª•l·ªç na agha. . . . Ana m akwado ihe nkiri a n'enwegh·ªã mgbochi ·ªç b·ª•la.	positive
·ªå d·ªã mma, ihe nkiri ah·ª• malitere nway·ªç·ªç nway·ªç·ªç, ma o mere ka m nwee mmas·ªã. Ihe nd·ªã ah·ª• meren·ª• mere ka ihe niile gbak·ªç·ªç.	positive
Nd·ªã mmad·ª• agagh·ªã am·ª•ta ihe ma ·ªç b·ª•r·ª• na ha anwagh·ªã ya , ihe nkiri a na - edozi ·ªçt·ª•t·ª• nsogbu g·ª•nyere nke kas·ªã nj·ªç n'ime ha nile .	positive
Site na ak·ª• na ·ª•ba nke ngosi, Eyimofe, (nke a s·ª•ghar·ªãr·ªã d·ªã ka This is My Desire) na-enye ihe ngosi na-enwegh·ªã oge, nke zuru ·ª•wa ·ªçn·ª• nke iguzogide ·ª•m·ª• mmad·ª• mgbe ·ªç na-eme ka Arie na Chuko b·ª•r·ª• ihe ·ªçh·ª•r·ª• a nabatara na-agbakwunye na igwe ihe nkiri.	positive
·ªå b·ª• nnukwu ihe nkiri site n'aka onye any·ªã maara na ·ªç b·ª• nnukwu onye na-ak·ªç ak·ª•k·ªç.	positive
·ªåmar·ªãcha ihe nkiri. . . . ak·ª•k·ªç d·ªã mma. ·ªå bara uru ile ya. M ga-akwado ile ya.	positive
·ªå b·ª• ihe na-at·ªç ·ª•t·ªç ile anya. . . . Ak·ª•k·ªç ah·ª• b·ª• nn·ªç·ªç ihe na-enye ume ·ªçh·ª•r·ª•, ak·ª•k·ªç mara mma, nke a k·ªçr·ªç n'·ª•z·ªç magburu onwe ya.	positive
Ihe ngosi a kwes·ªãr·ªã inwe oge 5!!!!. . . Ihe ngosi a d·ªã nn·ªç·ªç mma ma na-at·ªç ·ª•t·ªç. ·ªå b·ª•r·ª• na ezigbo Caliphate nwere nsogbu na ya. Gbanwee ma ·ªç b·ª• mee ka aha d·ªã mkpirikpi, abeg. Nnukwu nd·ªã na-eme ihe nkiri!!! Great ederede!!! Nnukwu ihe ngosi. :)	positive
Nnukwu ihe nkiri. . . . Enwegh·ªã m ike ·ªãgh·ªçta maka nd·ª• m na-ad·ªãgh·ªã mma reviews maka a d·ªã ot√∫ ah·ª• ·ªãr·ªãba film. Nke a usoro b·ª• nn·ªç·ªç mma na m binged dum usoro d·ªã ka a Medical Student. Nnukwu ·ªçr·ª• na mkp·ªãs·ªã aka elu ruo na-emep·ª•ta na cast.	positive
Ihe nkiri a b·ª• nn·ªç·ªç nnukwu nz·ªç·ª•kw·ª• n'·ª•z·ªç ziri ezi maka ihe nkiri Afr·ªãka.	positive
Ihe nkiri na-at·ªç ·ª•t·ªç nke na-egosi ·ª•da egw√∫ jazz na pop na √¨gw√® egwu d·ªã egwu	positive
·ªåb·ªãb·ªãa eze a ga-ab·ªãa d·ªã ebube.	positive
·ªår·ª• d·ªã ukwuu!	positive
Ak·ª•k·ªç a na-ak·ªç nke ·ªçma, nke a na-ak·ªç n'·ª•z·ªç d·ªã ukwuu site n'·ªãme ihe nkiri d·ªã egwu	positive
·ªå b·ª• otu n'ime ihe nkiri nd·ªã kas·ªã mma nke Nigeria nke 2017. Isoken b·ª• ihe nkiri d·ªã ukwuu nke na-egosip·ª•ta ·ªçd·ªãbend·ªã nke mpaghara mba ah·ª•. Nhazi, ihe nkiri, agba na ejiji na-ak·ªçwa ·ªçt·ª•t·ª• ·ªçd·ªãnala ah·ª• nke ·ªçma. Ihe nkiri ah·ª• nwere ezigbo mmeghar·ªã nke ·ªçch·ªã na nnukwu ihe nkiri ..	positive
·ªåmar·ªãcha fim! Obi t·ªçr·ªç m ·ª•t·ªç na ha na-akwalite as·ª•s·ª• Igbo!	positive
"Ihe nd·ªã mmad·ª• na-eji igwefoto na-ach·ª•, ihe nd·ªã ha na-ah·ª• n'anya, ihe nd·ªã ha na-eme na-ad·ªçr·ªç mmas·ªã, na ihe odide nke na-enye ak·ª•k·ªç ha maara nke ·ªçma uto Africa na-eme ka ""√íl√≤t≈´r√©"" b·ª•r·ª• ihe na-akpali akpali ·ªã ga-enwe ike ·ªãnagide ma nwee mmas·ªã na ya."	positive
·ªä ga-ekiri nke a!!!!! . . . A ga-ekiri!!! M h·ª•r·ª• n'anya na agwa The plot	positive
Ihe nkiri d·ªã egwu	positive
Ah·ª•r·ª• m g·ªã n'anya.	positive
·ªå b·ª• ·ªçr·ª• d·ªã ukwuu site Kemi Adetiba, ak·ª•k·ªç ah·ª• b·ª• ihe odide ·ªçma, ezigbo ihe nkiri, nd·ªã niile na-eme ihe nkiri nyere nnukwu ar·ª•m·ªçr·ª•.	positive
Ihe nkiri d·ªã ike nke ihe omume a na-echefu echefu n'ak·ª•k·ªç ihe mere eme; ·ªç b·ª•gh·ªã maka nd·ªã obi na-ad·ªãgh·ªã ike.	positive
Ihe nkiri d·ªã ukwuu - nke na - enye nt·ª•r·ª•nd·ª• ma na - ak·ª•ziri nd·ªã mmad·ª• ihe	positive
ok√© ihe nkiri na-akpali akpali comedy, ·ª•d·ªã m	positive
Wow, ak·ª•k·ªç a b·ª• eziokwu! Wow! Amazing. . . Wow ak·ª•k·ªç a! The ·ªçt·ª•t·ª• ·ªçt·ª•t·ª• ak·ª•k·ªç nke ah·ª•mah·ª• Black n'ofe African diaspora, na site ·ªçgb·ªç. M nn·ªç·ªç obi ·ª•t·ªç na any·ªã Brotha ·ªãk·ªçr·ªç ya ak·ª•k·ªç na nwetara dee, nduzi, kpakpando.	positive
·ªå d·ªã mma na ha na-eme ka ·ªçd·ªãbend·ªã ab·ª•·ªç ah·ª• mara mma.	positive
Ihe nkiri ah·ª• b·ª• ihe ngosi magburu onwe ya nke mwakpo mmek·ªçah·ª• nke otu onye nk·ª•zi mere ·ª•m·ª• akw·ª•kw·ªç mahadum. ·ªå na-enyefe ozi ah·ª• n'·ª•z·ªç d·ªã mfe na-enwegh·ªã ihe mgbagwoju anya.	positive
·ªå d·ªã mma ·ªãh·ª• nd·ªã mere ka m lee fim Nollywood ·ªçz·ªç.	positive
Ihe nkiri mara mma si Na·ªãjir·ªãa... M h·ª•r·ª• ihe nkiri a n'anya. Ebe mara mma. Ihe nkiri mara mma. Onye ·ªç b·ª•la na-eme egwuregwu nke ya.	positive
·ªå na-ak·ª•da ·ª•da ziri ezi. as·ª•s·ª• b·ª• Street, nd·ªã na-eme ihe nkiri na-eme ihe nkiri, ihe nkiri na-edozi ihe d·ªã na ya. O nwekwara nnukwu ihe nkiri.	positive
·ªår·ªãa ·ªçh·ª•r·ª• nke nwere ike ime ·ªçz·ªç!. . . ·ªå b·ª• ihe nkiri mara mma ma d·ªã ezigbo mma banyere ihe mere n'ezie. ·ªå d·ªã mma kar·ªãa ihe nkiri Contagion n'akw·ª•kw·ªç m. ·ªå k·ª•r·ª• m ezigbo aka. ·ªå b·ª• otu n'ime nnukwu ·ªçr·ªãa mb·ª• na nd·ª• m. ·ªå ga-amas·ªã m ·ªãz·ª•ta ihe nkiri a na DVD ma ach·ªçtala m na US ma ·ªç d·ªãgh·ªã uru ·ªç b·ª•la. Onye ·ªç b·ª•la nwere ike ·ªãgwa m ot√∫? Daal·ª•	positive
Olee ot√∫ a na-eme ka a nkiri na isiokwu a na-eme ka ·ªç na-eme ngwa ngwa na boring? Ebe b·ª• na mkpa? Ebe b·ª• na nchegbu na nsogbu? The edezi na na-agba ·ªçs·ªç mere ka m crazy na e nwere nn·ªç·ªç ·ª•z·ªç na ihe a na-ad·ªãgh·ªã mkpa na-eru nso ab·ª•·ªç na ·ªçkara awa. Na nke ah·ª• b·ª• n'ezie a ihere n'ihi na ·ªç na-emesi a n'ezie nnukwu na mkpa nsogbu, m na-ach·ªç ka ·ªç mere ot√∫ ah·ª• na-enwegh·ªã na-eme ka nd·ªã na-ege nt·ªã na-ehi ·ª•ra.	positive
·ªåd·ª•m obi b·ª• ihe nkiri mara mma üëè . . . Ihe nkiri a b·ª• ihe nkiri Nollywood kachas·ªã mma m h·ª•t·ª•r·ª•la. Ihe nkiri ·ªç b·ª•la d·ªã mma, mara mma ma nwee mmet·ª• nke ·ªçch·ªã na ihe mm·ª•ta omume.	positive
Oge nke ab·ª•·ªç ... ... M h·ª•r·ª• n'anya Season 1 na m nwere ike na-at·ª• anya Season 2. M h·ª•r·ª• nd·ªã niile odide n'anya.	positive
"·ªå b·ª• ihe nkiri nke awa ab·ª•·ªç nke m ga-ach·ªçgh·ªã ·ªãkp·ªç nt·ª•r·ª•nd·ª• kama oge nke ike. ·ªå b·ª•r·ª• na enwere m obi ab·ª•·ªç, nkwenye m b·ªãara ka mma... enwere m ike ijik·ªç na ihe nkiri ah·ª• n'ihi na o doro anya na, enweela m mmet·ª• Chineke tupu... ... m na-ekwu ""ee"" ·ªçz·ªç na oku Chineke."	positive
O gosip·ª•tara n'·ª•z·ªç ziri ezi mmegbu ·ªçt·ª•t·ª• ·ª•m·ª• akw·ª•kw·ªç nwany·ªã na-eche ihu na mahadum Na·ªãjir·ªãa na West Africa n'ozuzu	positive
·ªå na-at·ªç ·ª•t·ªç ma na-ak·ªçwap·ª•ta ihe, ma ·ªç b·ª•gh·ªã ihe na-akpali akpali. . . . N'ozuzu, Fifty b·ª• ihe a na-ah·ª•kar·ªã, mara mma ma na-akpali akpali, a na-at·ª• anya na ·ªç ga-akpali akpali na njedebe ma ·ªç d·ªãgh·ªã ihe na-egosi na ·ªç d·ªã mma ma enwere m obi ·ª•t·ªç icheta ah·ªãr·ªãokwu ole na ole na ihe nkiri ole na ole na njedebe.	positive
Ihe nkiri Kunle Afo kachas·ªã emet·ª•ta ruo ugbu a ... . Ihe nkiri ah·ª• na-ekwu maka isiokwu d·ªã oke mkpa na usoro ag·ª•makw·ª•kw·ªç Na·ªãjir·ªãa. Ezi ak·ª•k·ªç, ihe na-ad·ªçr·ªç mmas·ªã, ihe nkiri d·ªã egwu. Ihe nkiri a b·ª• otu n'ime ihe nkiri kachas·ªã mma ·ªã ga-ele banyere isiokwu na-akpata nsogbu gbasara ime ihe ike dabere na nwoke na nwany·ªã na ·ª•l·ªç akw·ª•kw·ªç d·ªã elu nke nd·ªã Africa. Naan·ªã nwee obi ·ª•t·ªç na ya ma kwado nyocha g·ªã na-enwegh·ªã nt·ª•p·ªç! ·ªå b·ª• ihe d·ªã mma	positive
A Brilliant Movie. ... M na-ele Lara na The Beat na Netflix. Nke a na fim b·ª• ihe magburu onwe ya. mara mma cinematography, na-eme ihe nkiri, a ok√© ak·ª•k·ªç, mara mma music na ezi nt·ª•r·ª•nd·ª• na ezin·ª•l·ªç dum nwere ike ·ªãn·ª• ·ª•t·ªç.	positive
·ªå na-enye ume ·ªçh·ª•r·ª•, ihe niile gbasara ya mas·ªãr·ªã m, ·ªçd·ªãbend·ªã ya, as·ª•s·ª• ya na egw√∫ ya mara mma.	positive
Ihe nkiri ah·ª• na-eme ka any·ªã gh·ªçta ot√∫ ihe si d·ªãr·ªã n'af·ªç nd·ªã 1980, ot√∫ e si hazie oriri, ot√∫ e si ekwu okwu banyere ·ªãcha ·ªçcha, ot√∫ e si ejiji, na ot√∫ e si eji ejiji nd·ªã e ji ejiji eme ihe eme ihe n'·ª•z·ªç na-emesap·ª• aka.	positive
·ªå b·ª• ihe nkiri d·ªã mma, jup·ª•tara na nd·ªã odide zuru oke na-ar·ª• ·ªçr·ª• na usoro ihe nkiri nke na-ad·ªãgh·ªã ada ada. Ihe nkiri ah·ª•. E wetara ya nd·ª• na ihe nkiri mara mma na nke d·ªã ebube. Ak·ª•k·ªç ah·ª•, ·ªç b·ª• ezie na ·ªç b·ª•gh·ªã ihe d·ªã egwu, d·ªã mma nke na ·ªã ga-an·ªçgide na-etinye g·ªã n'oche g·ªã mgbe ·ªã na-enye ihe ma ·ªç b·ª• ab·ª•·ªç banyere isiokwu ah·ª•.	positive
"Biko! . . . m na-ele ""Fifty Series"" na b·ªãara Castle & Castle n'ihi na Tola ihu b·ª• onye maara. M h·ª•r·ª• n'anya usoro a na ga-amas·ªã maka oge 2 na-ab·ªãa! M na-akp·ªç as·ªã na ·ªç b·ª•r·ª• na m na-ahap·ª• na-adabere na nke ikpeaz·ª• episode, d·ªã ka a oge 2 ga-ab·ªãa. Ya mere biko nye any·ªã oge 2!!"	positive
Ihe nkiri d·ªã egwu! . . . Nke a b·ª• ihe nkiri ezin·ª•l·ªç na-akpali akpali, nke na-eme ka obi ruo mmad·ª• ala, nke nwere edemede magburu onwe ya na ihe nkiri nd·ªã na-ad·ªçr·ªç mmas·ªã.	positive
Light na-akpa ·ªçch·ªã! ...A Comedy gold zuru ok√® na a ok√© plotline. si n'aka ·ª•m·ª•nna nwany·ªã na nd·ªã ·ªçj·ªç·ªç, nke a b·ª• a ga-ekiri!	positive
Ha tinyere onwe ha n'ihe ize nd·ª• ma e meela ihe omume ah·ª• nke ·ªçma site n'·ªãmep·ª•ta ihe ruo n'·ªãme ihe nkiri.	positive
·ªår·ª• ugbo nwere ike ·ªç gagh·ªã ab·ª• ak·ª•k·ªç a kacha mara mma, ma n'agbanyegh·ªã ihe nkiri na-ad·ªçr·ªç mmas·ªã nke Damson Idris, ·ªç ka b·ª• ak·ª•k·ªç bara uru ·ªãk·ªç.	positive
Superbly refreshing!!!. . . . ihe niile banyere ihe nkiri a b·ª• nn·ªç·ªç na POINT! ak·ª•k·ªç, odide na nduzi .. ala na ejiji. M nn·ªç·ªç ·ª•t·ªç nke a!! m popcorn e si na nkeji! ·ªäh·ª•nanya ·ªãh·ª•nanya ·ªãh·ª•nanya! Biko mee ihe nkiri nd·ªã ·ªçz·ªç!!!	positive
Ihe m na-ad·ªãgh·ªã amas·ªã na fim a b·ª• na ·ªç d·ªãgh·ªã ihe jik·ªçr·ªç ya na nd·ªã Na·ªãjir·ªãa ma ·ªç b·ª• nd·ªã India.	positive
Ihe nkiri a d·ªã ·ªãt·ª•nanya. ... Ah·ª•r·ª• m n'anya h·ª•r·ª• m n'anya na-ekiri ihe nkiri a na at·ª•mat·ª• ya d·ªã mma, edemede ya na Dakore na nd·ªã na-eme ihe nkiri na-ar·ª• ·ªçr·ª• nke ·ªçma.	positive
·ªåmar·ªãcha ihe nkiri!!! Wow wow wow. Nollywood ebiliwo.	positive
·ªåmar·ªãcha ihe... ·ªçmar·ªãcha ak·ª•k·ªç nke ch·ªçr·ªç nn·ªç·ªç nlebara anya.	positive
"Ihe nkiri ah·ª• b·ª•ÃÅ ""Nollywood Great"" ... ""Lionheart"" ab·ª•gh·ªã nan·ªã maka ·ªçd·ªãmma nke ya. ·ªå k·ªçwara ·ªçt·ª•t·ª• ihe na-eme na Na·ªãjir·ªãa nke na ·ªç ga-ewe onye nwere uche miri emi ma meghee anya ·ªãh·ª• ihe nkiri ah·ª•."	positive
Nke a b·ª• n'ezie ihe kas·ªã mma mmep·ª•ta site Nollywood! ·ªå na-ele anya d·ªã ka ihe African American film. The eme b·ª• top notch na ·ªãch·ªçp·ª•ta na ·ªç b·ª• nd·ªã isi na-eme ihe nkiri mb·ª• film, mkp·ªãs·ªã aka elu.	positive
Ihe d·ªã ka ihe nkiri Shakespeare, jup·ª•tara n'ihe nd·ªã na-at·ªç ·ªçch·ªã, nd·ªã na-ad·ªçr·ªç mmas·ªã na-ad·ªçr·ªç mmas·ªã, na-enye echiche ·ªçj·ªç·ªç banyere ot√∫ obodo na nd·ªã mb·ªãaramb·ªãa si emegide ·ªçd·ªãbend·ªã si akp·ª•zi njirimara.	positive
Nd·ªã Na·ªãjir·ªãa bi na Brooklyn. . . . Ihe nkiri a d·ªã ·ªãt·ª•nanya, nke na-akpali akpali, nke na-echebara ihe echiche, nke na-enye nn·ªç·ªç agba.	positive
Temi Otedola r·ª•r·ª• ·ªçr·ª• d·ªã ·ªãt·ª•nanya!	positive
Ekele maka ihe at·ª• zuru ok√® nke ot√∫ O si ar·ª• ·ªçr·ª• n√° nd·ª• any·ªã: Ihe nkiri a b·ª• ihe na-emebi eriri af·ªç, na-echetara any·ªã ot√∫ O si ar·ª• ·ªçr·ª• site na nd·ªã na-ezugh·ªã ok√®, nd·ªã cheghar·ªãr·ªã echeghar·ªã b·ª• nd·ªã a kp·ªçr·ªç nan·ªã irubere Ya isi. ·ªå na-eme ihe nd·ªã ·ªçz·ªç. ·ªå b·ª• onye kwes·ªãr·ªã nt·ª•kwas·ªã obi iji r·ª•chaa ihe O malitere. Lee ihe nkiri na-as·ªçp·ª•r·ª• Chineke, na-egosi At·ªç n'Ime Otu na ·ªãd·ªã mma na ebube na ike. Daal·ª•.	positive
Stroyline mara mma... ihe nd·ªã ah·ª• e ji mee ihe na-at·ªç ·ª•t·ªç, ihe nd·ªã na-ad·ªçr·ªç mmas·ªã, ihe nd·ªã na-ad·ªçr·ªç mmas·ªã, ihe nd·ªã na-emet·ª•ta mkpa nkwur·ªãta okwu d·ªã n'etiti mmad·ª• na ibe ya.	positive
M h·ª•r·ª• n'anya na fim a! M na-ele ya ·ªçt·ª•t·ª• ugboro. M na-at·ª• ·ªçz·ªç na-ar·ª• ·ªçr·ª•.	positive
Ihe nkiri Nigerian nke oge a. . . . . Nollywood nwere ezigbo ak·ª•ÃÄ nd·ªçr·ªç nd·ªçr·ªç ·ªçch·ªãch·ªã/okpukpe/ebo ebe a maka nd·ªã na-ach·ªç ·ªãbawanye echiche ha banyere ihe kpatara nnukwu nsogbu ·ª•wa na n'okwu a obere obodo na Na·ªãjir·ªãa - r'a na-ah·ª•kar·ªã taa. . . . Mkp·ª•r·ª• obi na-ab·ªãa n'eziokwu a maka ah·ª•m·ªãhe na fim a na-enye ·ªçt·ª•t·ª• n'ime ha‚ù§	positive
·ªå na-at·ªç ·ª•t·ªç ile ya kar·ªãs·ªãa ma ·ªç b·ª•r·ª• na ·ªã na-agh·ªçta as·ª•s·ª• Igbo... ma n'ozuzu ·ªç b·ª• ezigbo na ihe na-akpali mmas·ªã film..	positive
Ihe nkiri a d·ªã ka ihe na-agwak·ªçta echiche nd·ªã na-ad·ªãgh·ªã emepe emepe na ·ªãh·ª•nanya nke obi na-ad·ªãgh·ªã mma.	positive
Genevieve Nnaji na-egosi ·ªçz·ªç mgbe ·ªç ka b·ª• onye kas·ªã mma Nollywood omee niile oge na ya direction debut. any·ªã nwere ike ikwu naan·ªã ·ªçz·ªç ab·ª•ba	positive
Ihe nkiri nke weghaara olileanya mba nwere maka ihe nkiri ka mma. . . . Mmad·ª• p·ª•r·ª• nan·ªã ·ªãch·ªç ka nd·ªã na-eme ihe nkiri Na·ªãjir·ªãa nd·ªã ·ªçz·ªç wuo n'otu ala ah·ª• maka ·ªçd·ªãnihu ihe nkiri Na·ªãjir·ªãa ka mma.	positive
N'ezie, ·ªç b·ª• ihe na-akpali akpali. . . . Nke a mere ka m nwee obi ·ª•t·ªç na m b·ª• onye Na·ªãjir·ªãa.	positive
Ach·ªç m ·ª•daolu & nyocha. . .E nwere ·ª•daolu na njedebe nke ihe nkiri ah·ª•. Na ndabere. ·ªå nwegh·ªã okwu, ·ªç b·ª• ihe d·ªã ka ·ª•daolu. Ana m agbal·ªã ·ªãch·ªçta aha ya... .Na mgbakwunye na nke ah·ª•, nnukwu ihe nkiri, ezigbo nway·ªç nway·ªç. Ime ihe b·ª• ihe ezi uche d·ªã na ya. Enwegh·ªã mmet·ª•ta uche na ihe nd·ªã d·ªã ot√∫ ah·ª•. Mkpar·ªãta ·ª•ka, okwu nd·ªã ah·ªçp·ª•tara, ihe nd·ªã d·ªã ot√∫ ah·ª•, kem·ªãkal·ª•. ·ªå d·ªã ka ·ªç d·ªã na ·ªã na-ekiri ·ªçn·ªçd·ª• d·ªã ad·ªã. E nwere ·ªçt·ª•t·ª• oge ·ªãgbachi nk·ªãt·ªã na ihe nd·ªã d·ªã ot√∫ ah·ª•. Ya mere ·ªã ma ·ª•d·ªã ihe nkiri a, ma ·ªç b·ª• na ·ªã nagh·ªã amas·ªã ya.	positive
Ihe nkiri sayens·ªã kachas·ªã mma na Na·ªãjir·ªãa. . Ah·ª•r·ª• m ya n'anya, ·ªç na-adaba n'·ª•d·ªã ·ªçkacha mmas·ªã m nke m na-emeju af·ªç, na-at·ª• anya na Na·ªãjir·ªãa ga-eweta ihe nd·ªã ·ªçz·ªç na ihuenyo... . . na nd·ª•m·ªçd·ª• m nye any·ªã nd·ªã Na·ªãjir·ªãa b·ª• ·ªãkwado ihe nkiri a iji gbaa ha ume iweta ma mep·ª•ta ihe nkiri ka mma nke any·ªã h·ªç·ªçr·ªç ka any·ªã lee.	positive
Kemiti Adetiba si King of Boys b·ª• ihe p·ª•r·ª• iche. Site na nh·ªçr·ªç nke nd·ªã na-eme ihe nkiri na usoro ak·ª•k·ªç a na-ar·ª• ·ªçr·ª• nke ·ªçma, ihe nkiri a b·ª• ihe na-enwegh·ªã at·ª•.	positive
Ihe zuru ok√®... onye ·ªç b·ª•la kwes·ªãr·ªã inyere m aka ·ªãch·ªçta ihe m na-emehie na fim a n'ihi na eleela m ya ugboro an·ªç ma enwegh·ªã m ike ·ªãch·ªçta ya. Ihe niile d·ªã na fim ah·ª• zuru ok√®.	positive
Ihe nkiri a b·ª• ak·ª•k·ªç d·ªã ad·ªã, ·ªç d·ªãkwa nn·ªç·ªç mma ma na-emet·ª• n'obi.	positive
A refreshing Nigerian Series. . . . A d·ªã ot√∫ ah·ª• na-enye ume ·ªçh·ª•r·ª• Nigerian usoro na-ekiri na-enwegh·ªã egwu egwu egwu na-akp·ªç n'oge nile nke film. Ot√∫ ·ªç d·ªã.	positive
·ªå b·ª•r·ª• na ·ªç b·ª• nri m ga-as·ªã na ·ªç na-agba mmiri n'·ªçn·ª•. . . . M na-ah·ª• ebe e kwuru na fim ah·ª• ga-ab·ª• ihe d·ªã mkpa, ah·ª•gh·ªã m ebe ·ªç ga-ap·ª• n'·ªçkwa. A h·ªç·ªçr·ªç nd·ªã na-eme ihe nkiri nke ·ªçma ma gosip·ª•ta ·ª•d·ªã ·ªçkachamara a, ebe ah·ª• d·ªã ·ªãt·ª•nanya na ·ªç d·ªãt·ª•begh·ªã mgbe ·ªç d·ªã ·ªçh·ª•r·ª• nwere mahadum d·ªã mma d·ªã ot√∫ ah·ª• na Senegal, nk√† na ·ªçr·ª• aka nke nd·ªã isi Africa any·ªã kp·ª•r·ª• ·ªçd·ªãd·ªã Africa. . . . Ozi nke ihe nkiri a na-ebu, ot√∫ e si k·ªç·ªç ya d·ªã nn·ªç·ªç iche, ngh·ªçta na nka.	positive
Ihe nkiri magburu onwe ya. . . nke a b·ª• ihe nkiri magburu onwe ya. Ihe nkiri d·ªã mfe nke na-enye ·ª•m·ª• okorob·ªãa ab·ª•·ªç (n'oge gara aga) echiche banyere oge gara aga (n'ebe ·ªçt·ª•t·ª• ihe a na-amagh·ªã)... mgbe ah·ª•, nt·ª•ghar·ªã na nt·ª•ghar·ªã nd·ªã gbara ha gburugburu ·ªãb·ªãak·ªçta d·ªã ka nd·ªã okenye... .	positive
·ªå na-at·ªç m ·ª•t·ªç, ·ªç na-at·ªçkwa m ·ª•t·ªç, ·ªç na-at·ªçkwa m ·ª•t·ªç, ·ªç na-at·ªçkwa m ·ª•t·ªç.	positive
·ªå mara mma, mara mma, na-ewute ma d·ªã mkpa.	positive
Otu n'ime ihe nd·ªã kas·ªã amas·ªã m b·ª• mmiri ozuzo. Nd·ªã ·ªçr·ª• aka ·ªçr·ª• kwes·ªãr·ªã ka a mata ha nke ·ªçma maka nk√† ha na fim a	positive
Ihe Mere Eme, Ihe Na-akpali Akpali, Ihe Mm·ª•ta na Ihe D·ªã Ebube	positive
Nke a b·ª• ihe nkiri kachas·ªã amas·ªã m na Na·ªãjir·ªãa.	positive
Obi d·ªã m ·ª•t·ªç na m h·ª•r·ª• ihe nkiri nwere njik·ªç mmet·ª•ta uche n'etiti ·ª•m·ª•nne nwany·ªã ab·ª•·ªç, b√∫Ã£ nd·ªã na-ejik·ªçta n'·ª•z·ªç d·ªã iche iche, ma nke ·ªãh·ª•nanya na echiche nd·ªçr·ªç nd·ªçr·ªç ·ªçch·ªãch·ªã na-ekewap·ª•. Nd·ªã na-eme ihe nkiri ah·ª• d·ªã ·ªãt·ª•nanya ma onye ·ªç b·ª•la n'ime ha na-eme nke ·ªçma maka ·ªçr·ª• ha.	positive
A Educational Ma Visceral & na-aw·ª• akpata oyi n'ah·ª• Film Expertly crafted. . ·ªå b·ª• a ok√© film ·ªçma mere na Directed Expertly crafted mgbe na-educational na a ogo ma ·ªç b·ª• a n'·ª•z·ªç zuru ezu immersive visceral ah·ª•mah·ª• .. . . Exploring Race , na Gang Culture , na England ·ªç b·ª• ike ikwere ·ª•f·ªçd·ª• n'ime ihe nd·ªã a ·ªämara na ·ªç dabeere na a ak·ª•k·ªç mere ka ·ªç na ·ªçb·ª•na ike ·ªçgw·ª• na-a·πÖ·ª• . Ma elegh·ªã anya, a ole na ole ihe nkiri b·ª• maka nkiri ikike ma ·ªç ka na-ab·ªãa site na ·ª•f·ªçd·ª• ebe ezigbo . . . E nwere ·ªçt·ª•t·ª• ihe na fim ebe m ga-aj·ª• nn·ªç·ªç ihe mere ? ihe mere ·ªã ga-eme na !	positive
·ªå b·ª• ihe nkiri mara mma, nke d·ªã mma banyere ·ªãh·ª•nanya, okwukwe, ezin·ª•l·ªç na ·ªçnw·ª•nwa nke ·ª•wa.......·ªç b·ª• ntak·ªãr·ªã cheeseish, ma enwere m mmas·ªã na ya.	positive
Ihe nkiri mara mma nke na-egosip·ª•ta ihe nd·ªã mere eme na alaeze Benin. . . . Ihe nkiri a b·ª• ihe mm·ª•ta d·ªã ukwuu ma na-ad·ªçr·ªç mmas·ªã ile anya. M ka na-enwe obi ·ª•t·ªç na e mere ya na 2014.	positive
Echiche d·ªã mma... ak·ª•k·ªç ihe mere eme nwere nd·ªã na-eme ihe n'·ª•z·ªç d·ªã mma.	positive
·ªå d·ªã mma. ... Nke a d·ªã nn·ªç·ªç mma. ihe nkiri a b·ª• ihe na-at·ªç ·ª•t·ªç ma na-at·ªç ·ª•t·ªç site na mmalite. Ach·ªçgh·ªã m nt·ª•p·ªç ·ªç b·ª•la na ya, ikekwe mmeghe ah·ª• b·ª• ntak·ªãr·ªã ihe na-at·ªç ·ª•t·ªç, mana ·ªç b·ª• naan·ªã uto. ihe nkiri a d·ªã mfe ma nwee isi. A na-at·ª• aro ya nke ukwuu!	positive
KOB b·ª• ihe nkiri Nollywood nke mb·ª• m na-ah·ª• ugbu a. Ak·ª•k·ªç ah·ª• d·ªã iche ma b·ª•r·ª• nke ezigbo ya. ·ªå na-ekpughe ihe na-eme na nd·ªçr·ªç nd·ªçr·ªç ·ªçch·ªãch·ªã n'ezie.	positive
Nke a b·ª• ezigbo fim, m ga-akwado ya onye ·ªç b·ª•la!	positive
M h·ª•r·ª• ihe nkiri a n'anya. M ga-enwe mmas·ªã ile ya ruo ·ªçt·ª•t·ª• af·ªç na mkpar·ªãta ·ª•ka ·ªç ga-akpali. . . . Ihe nkiri ah·ª• d·ªã nn·ªç·ªç mma n'enwegh·ªã melodrama ma ·ªç d·ªã nn·ªç·ªç ka ·ªç ga-ekwe omume.	positive
H·ª• Ihe nkiri A n'anya	positive
Ihe nkiri Na-enye ·ªåmar·ªãcha Onwe Ya nke Nwere Ihe D·ªã Iche Iche	positive
Ak·ª•k·ªç mara mma nke na-ak·ªçwa ·ªçd·ªãbend·ªã Na·ªãjir·ªãa. Ak·ª•k·ªç ah·ª• p·ª•r·ª• iche ma b·ª•r·ª• nke a na-ap·ª•gh·ªã ·ªãk·ªçwap·ª•ta nke na-ad·ªãgh·ªã ka ihe nkiri Na·ªãjir·ªãa nk·ªãt·ªã.	positive
Ak·ª•k·ªç a ga-ah·ª•r·ªãr·ªã, ak·ª•k·ªç na-ad·ªçr·ªç mmas·ªã na nke ·ªçma, nnukwu ·ªçr·ª• na nd·ªã na-eme ihe nkiri Hollywood na Nollywood.	positive
POV ·ªçh·ª•r·ª•. ·ªå b·ª•gh·ªã ·ª•d·ªã ihe nkiri any·ªã na-eji eme ihe na mpaghara ·ªçd·ªãda anyanw·ª•, mana ihe nkiri ah·ª• na-egosi ·ªç b·ª•gh·ªã nan·ªã ak·ª•k·ªç a ga-emepe emepe, kamakwa agba na ·ªçd·ªãbend·ªã nke mpaghara ebe ·ªç na-eme.	positive
"""Nk·ªçwa"" na-ar·ª• ·ªçr·ª• nke ·ªçma mgbe ·ªç na-eme ka obi ghara iru onye na-eto eto na-eme ihe ·ªçj·ªç·ªç ah·ª• mgbe ·ªç na-ekwu okwu ya, ·ªç b·ª•kwa ihe a na-amagh·ªã ma usoro ah·ª• ·ªç ga-ar·ª• ·ªçr·ª• n'aka ya ruo mgbe ihe ikpeaz·ª• ah·ª• ga-eme."	positive
Na fim nke yiri ka o kwes·ªãr·ªã ·ªãb·ª• obere usoro, any·ªã na-eso mmek·ªçr·ªãta, nke na-etolite n'ime ezin·ª•l·ªç, n'ime af·ªç 20 na Nigeria.	positive
N'ikpeaz·ª•, nke ·ªçma. . . . ihe siri ike si n'ogige at·ª•r·ª• Ayo Makun nke jik·ªçtara ezi ihe ·ªçch·ªã na ·ªãh·ª•nanya n'obi.	positive
Ihe nkiri kacha mma nke Na·ªãjir·ªãa m h·ª•t·ª•r·ª•la. Ihe nkiri a d·ªã ·ªãt·ª•nanya! Ihe okike d·ªã ukwuu ma ghara ·ªãk·ªçwap·ª•ta. Enwere m mmas·ªã n'ot√∫ ak·ª•k·ªç ah·ª• si d·ªã ugbu a ma nwee njik·ªç na ihe na-eme na Na·ªãjir·ªãa n'oge a. Ihe nkiri ah·ª• d·ªã ukwuu - Sola Sobowale b·ª• ak·ª•k·ªç ifo!	positive
·ªå b·ª• ·ªçr·ª• magburu onwe ya: ·ªçh·ª•r·ª•, na-akpata obi mgbawa na nn·ªç·ªç mmad·ª•	positive
·ªåmar·ªãcha usoro. M n'ezie mas·ªãr·ªã usoro a. ·ªå b·ª• na-akpali akpali na-at·ªç ·ª•t·ªç.	positive
M h·ª•r·ª• ihe nkiri a n'anya . . . ihe nkiri a d·ªã nn·ªç·ªç mma , ·ªç na - ag·ª•sikwa m ag·ª•·ª• ike ka ·ªç n·ªçgide na - ad·ªãgide , ma ·ªç b·ª•r·ª• na ·ªç d·ªã mma , mgbe a ga - ewep·ª•ta oge nke at·ªç na nke an·ªç .	positive
Nke a b·ª• eziokwu nke ·ªãb·ª• nwa mb·ª• na-emebi emebi n'·ª•l·ªç nd·ªã Africa bara ·ªçgaranya... ihe nkiri a b·ª• eziokwu nke mgba ·ªãgh·ªç nwany·ªã n'ime gburugburu ebe obibi nd·ªã Africa na-ach·ªãkwa ma na-ach·ªãkwa nd·ªã ikom.	positive
Ak·ª•k·ªç magburu onwe ya... ihe nkiri ah·ª• nwere ·ªçt·ª•t·ª• ihe mm·ª•ta banyere omume ·ªçma. Nnukwu nk·ªçwa nke Zainab Balogun. ·ªå b·ª•r·ª• na ·ªã kpafuru ·ª•z·ªç g·ªã, ihe niile ·ªã ch·ªçr·ªç b·ª• ihe nkiri a iji mee ka ·ª•z·ªç g·ªã gaa n'ebe Chineke n·ªç.	positive
Ihe nkiri na-akpali akpali ma ·ªç b·ª•r·ª• na ·ªç b·ª• ntak·ªãr·ªã ihe na-akpali akpali...	positive
N'·ª•z·ªç d·ªã ir√®, ·ª•da ah·ª• d·ªã nn·ªç·ªç mma, ak·ª•k·ª• na usoro igwefoto ah·ª• ad·ªãgh·ªãkwa mma ma na-ad·ªçr·ªç mmas·ªã.	positive
Ihe nkiri kacha mma a h·ª•t·ª•r·ª•la na Na·ªãjir·ªãa kemgbe ogologo oge.	positive
Lee ak·ª•k·ªç na-akpasu iwe ma na-akpali akpali... Nke a b·ª• ak·ª•k·ªç na-akpasu iwe n'ezie. Enwere m mwute maka Enitan, enwegh·ªã m ike iche n'echiche ihe ·ªç gafere n'oge ·ªç b·ª• nwata. Mgbanwe ya d·ªã ·ªãr·ªãba ama. Na njedebe ikpeaz·ª• ·ªç na-ekpughe onye Enitan b·ª•, ma ihe ngosi ah·ª• k·ª•r·ª• m n'anya. ·ªå na-eweta ihe nkiri ah·ª• n'·ªçkwa ·ªçz·ªç nke mmet·ª•ta uche.	positive
Ihe nkiri d·ªã ·ªãt·ª•nanya, ihe ngosi d·ªã ukwuu na usoro ak·ª•k·ªç d·ªã mma.	positive
Romper Stomper na a twist na a masterpiece nkiri ... kas·ªã mma Skinhead Cultural film mere na af·ªç ... ma ·ªç b·ª•r·ª• na ·ªã na-amas·ªã ihe nkiri d·ªã ka Romper Stomper, Nke a b·ª• England, A Clockwork Orange ... ·ªã ga-elegh·ªã anya na-amas·ªã nke a na ma ·ªç b·ª•r·ª• na ·ªã na-amas·ªã ·ªçma mere nkiri nakwa ... Actors mb·ª• film mmep·ª•ta na site na Peronal ah·ª•mah·ª• kwa ... magburu onwe ·ªçr·ª• ibe ... h·ª•r·ª• ya n'anya ... ot√∫ mwute na nd·ªã mmad·ª• na-enyocha a masterpiece na art n'·ª•d·ªã site a onye anya, site a rookie nke na-eme ihe nkiri ... enwe nd·ªã mmad·ª•....	positive
N'·ª•wa ebe a na-eme ka ·ª•m·ª• nwany·ªã na-ele anya nke ·ªçma kar·ªãa ka ha d·ªã, ma na-ebi nd·ª• kar·ªãr·ªã ihe ha nwere ike ime, ihe ngosi a na-eje ozi d·ªã ka ngw√° ·ªçr·ª• d·ªã ukwuu nke ag·ª•makw·ª•kw·ªç ego iji duzie ha n'usoro nhazi nke ego ha na uru nke igbu oge af·ªç ojuju. Oh, ·ªç na-at·ªçkwa ·ª•t·ªç!	positive
Iji ilu, ihe nd·ªã na-egosi ihe, na igwu egwu na okwu emewo ka e nwee ·ªçt·ª•t·ª• ihe nd·ªã na-agagh·ªã echefu echefu na ihe nd·ªã a na-ekwu na ha ga-ad·ªãgide n'ire any·ªã ruo ogologo oge.	positive
·ªå d·ªã mma maka nke mb·ª•... ihe nkiri d·ªã mfe nke na-enye ihe ·ªç b·ª•la ·ªçh·ª•r·ª•, ma e wez·ª•ga ·ªãb·ª• fim mb·ª• nke Naijiria nwere isiokwu Krismas.	positive
Ihe nkiri d·ªã nn·ªç·ªç mma nke nwere ezi ihe mm·ª•ta!. . . . Ihe nkiri a b·ª• ihe nkiri banyere ihe nkiri nt·ª•r·ª•nd·ª• na-at·ªç ·ª•t·ªç banyere nwata nwoke na-eto eto nke ch·ªçr·ªç iji aka ya dozie ihe kama ·ªãn·ªçd·ª• ala n'az·ª• ·ª•l·ªç.	positive
Nkwup·ª•ta a na-enye any·ªã nk·ªçwa ezi uche d·ªã na ya banyere ihe na-eme n'·ª•wa n'ezie nye nnukwu pasent nke nd·ªã ntorob·ªãa, kar·ªãs·ªãa ·ª•m·ª• akw·ª•kw·ªç, na kar·ªãs·ªãa nd·ªã nwany·ªã.	positive
Crazy,Lovely,Cool...onye nkiri kachas·ªã amas·ªã m na Nigeria b·ª• Adesua Etomi-wellington kp·ªçtara m na usoro ihe nkiri a ma ·ªç d·ªãgh·ªã emechu m ihu, ·ªç b·ª• ihe ijuanya na-at·ªç ·ª•t·ªç ·ªãh·ª• ezigbo ihe nkiri, ezigbo ederede d·ªã mma n'elu ·ªãh·ª• ya, nd·ªã isi ihe niile nwere ihe d·ªã mkpa ma ·ªç b·ª•gh·ªã kar·ªãa nd·ªã isi ihe nkiri, ihe omume ·ªç b·ª•la nwere ike iguzo n'onwe ya na nt·ª•ghar·ªã na ihe ngosi, ·ªç b·ª•r·ª• na onye ·ªç b·ª•la na-ach·ªç ezigbo ihe nkiri ·ªã ga-ah·ª• na ·ªã gagh·ªã agahie na ·ªçla Nigerian a	positive
·ªå d·ªã mwute, n'ihi na nke a p·ª•r·ª• ·ªãb·ª•wo ihe na-akpali mmas·ªã, ma d·ªã ka ·ªç d·ªã, ·ªç b·ª• nan·ªã oge awa amateur zuru ezu.	positive
·ªå b·ª• ihe magburu onwe ya na-ab·ªãa site na nkata nke Hollywood fim. ·ªå b·ª•gh·ªã a oge furu efu n·ªçr·ªç	positive
·ªå d·ªã ·ªãt·ª•nanya!! Mpako nke Nollywood a Production!!	positive
Ihe nkiri d·ªã ·ªãt·ª•nanya. . . . Ak·ª•k·ªç mara mma, nke a k·ªçr·ªç nke ·ªçma ma gosip·ª•ta. Ihe niile site na ebe nd·ªã ah·ª• na-eme ka ·ªç d·ªã mma, nd·ªã na-eme ihe nkiri, uwe, ·ªçb·ª•na as·ª•s·ª• & na ihe ngosi nke ·ªçd·ªãbend·ªã b·ª• ihe na-ad·ªçr·ªç ad·ªçr·ªç.	positive
'Gold Statue' b·ª• Magnificent Excellence. ·ªå na-ekwe nkwa a ugwu nke fun. Na na ugwu, na-ab·ªãa osimiri nke √†gw√† na a lavish nke zuru ok√® na-eme ihe nkiri.	positive
Aka ala kas·ªã mma Nigerian film m h·ª•r·ª• ..	positive
·ªå d·ªã mma ma ·ªç d·ªã mma, ·ªç mas·ªãr·ªã m ihe omimi nke igbu ·ªçch·ª• a na Na·ªãjir·ªãa, ihe omimi ah·ª• d·ªã ok√© ·ªçn·ª• ah·ªãa ma d·ªã mfe ·ªçg·ª•g·ª• ma d·ªã anya nke na m nwere mmas·ªã.	positive
Ihe nkiri ah·ª• na-ad·ªçr·ªç mmas·ªã site n√° mmalite ruo na Finsh.	positive
Ihe ·ªç p·ª•tara ·ªãb·ª• onye Na·ªãjir·ªãa... ... nke ·ªçma Genevieve Nnaji: ihe nkiri maka mmad·ª• nile ile. Kudos Naija, n·ªçgide na-emeziwanye.	positive
Naan·ªã otu nsogbu	positive
·ªå b·ª• ihe nkiri siri ike nke na-egosip·ª•ta mmek·ªçah·ª• na-akpata mmek·ªçah·ª• n'ebe ·ªçr·ª• na Nigeria. ·ªå d·ªã nn·ªç·ªç mfe, nke a p·ª•r·ª• ·ªãk·ªçwap·ª•ta nke ·ªçma ma na-edugakwa ya nke ·ªçma site na Genevieve Nnaji. Ma n'ak·ª•k·ª• nke ·ªçz·ªç nke ihe, ar·ª•m·ªçr·ª• ya d·ªã egwu, o mekwara nke ·ªçma ma na-ebuli ma agwa ah·ª• ma ihe onwunwe zuru ezu. Ihe nkiri ah·ª• b·ª• clich√©, mana ·ªç na-ad·ªçr·ªç ad·ªçr·ªç. ·ªå gaara ab·ª• onye nwere ike ·ªãh·ªçr·ªç maka Academy ma ·ªç b·ª•r·ª• na ha ewep·ª•gh·ªã ya n'ihi na a na-ese ya n'as·ª•s·ª• Bekee.	positive
M na-at·ª•ghar·ªã uche!!!!. . . . Nke a b·ª• otu n'ime ihe nkiri kachas·ªã mma m h·ª•t·ª•r·ª•la!	positive
Ihe nkiri d·ªã ·ªãt·ª•nanya, ak·ª•k·ªç d·ªã mkpa, ihe na-akpali akpali ga-eme ka ·ªã na-eche nche, na ihe na-akpali akpali ga-eme ka ·ªã na-ach·ªã ·ªçch·ªã.	positive
Ihe na-esochi ya ma ·ªç b·ª• ihe a na-emeghar·ªã emep·ª•ta gaara aka mma maka ak·ª•k·ªç d·ªã mma. . . . Ekwes·ªãr·ªã m ikwu na m na-aja onye nduzi ah·ª• na ihe nd·ªã o mere mma (Ramsey Nouah).	positive
100% na ebe. ot√∫ ziri ezi n'·ª•z·ªç d·ªã ot√∫ ah·ª• ·ªçma egwuri. onye ·ªç b·ª•la b·ª• ihe ·ªãt·ª•nanya. na-eme ka a mpako Nigerian üëèüëçüòò	positive
·ªå b·ª• ihe magburu onwe ya ·ªãh·ª• Sam Dede ·ªçz·ªç n'ihu igwe any·ªã, na ·ªãh·ª• na ·ªç ka b·ª• onye nwe ·ªçr·ª• aka ya, na-enye any·ªã ihe ngosi kpakpando. Ebe e nwere Stella Damasus, ·ªã p·ª•r·ª• ijide n'aka na ·ªã ga-ah·ª• ·ª•f·ªçd·ª• ezigbo anya mmiri, na mmet·ª•ta uche ihe nkiri, na ·ªç na-egosi na-enwegh·ªã af·ªç.	positive
·ªå d·ªã mma, ·ªç d·ªã mma. . . . Nke a b·ª• ihe nkiri a ga-ele anya! Enwegh·ªã m ike ikwu ihe ·ªçz·ªç.	positive
·ªå na-ad·ªçr·ªç mmas·ªã ·ªãh·ª• ot√∫ nd·ªã ah·ª• si emeghe ·ªçn·ª• na-ekwu banyere mmek·ªçr·ªãta ha na ot√∫ ha si ejide iwe n'oge ·ªçn·ªçd·ª• mmet·ª•ta uche d·ªã ot√∫ ah·ª•.	positive
·ªå b·ª• ihe na-akpali mmas·ªã ·ªãmata ot√∫ e si dee ab·ª• a na-akp·ªç Amazing Grace.	positive
Ihe nkiri a met·ª•r·ª• m n'obi n'ezie n'ihe banyere obi·ªçma Chineke na-erugh·ªãr·ªã mmad·ª•!	positive
·ªå b·ª•gh·ªã nan·ªã na ihe nkiri ah·ª• ad·ªãgh·ªã ad·ªçta uche onye na-ekiri ya, kama ihe nkiri ah·ª• b·ª• ihe kas·ªã nj·ªç, ihe kas·ªã emegide mmad·ª•.	negative
Ihe nkiri a d·ªã ogologo ma na-agw·ª• ike, ·ªçb·ª•nad·ªã egwu d·ªã n'az·ª• b·ª• ihe na-ad·ªãgh·ªã mma, ·ªç d·ªãgh·ªãkwa ihe a p·ª•r·ª• ime iji chebe ihe nkiri ah·ª•.	negative
·ª§z·ªç magburu onwe ya isi mebie ·ª•b·ªçch·ªã g·ªã kpamkpam	negative
ihe na-akpata nchegbu	negative
Nd·ªã a na-ekwu okwu ha na Swallow ga-eme ka onye ·ªç b·ª•la kwaa √°kw√° - ·ªãda ogbenye, mmet·ªç mmek·ªçah·ª•, ·ªã·πÖ·ª• ·ªçgw·ª• ·ªçj·ªç·ªç, nr·ª•r·ª• aka n'usoro - ma fim ah·ª• na nd·ªã odide ya nile d·ªã lar·ªã·ªã ma na-enwegh·ªã mmet·ª•ta uche.	negative
·ªå b·ª• ezie na ihe ngosi ah·ª• d·ªã n'etiti ihe nd·ªã ah·ª• d·ªã nn·ªç·ªç mma, ihe ·ªçj·ªç·ªç Farming na-eme na-eme ka ak·ª•k·ªç ah·ª• na-ad·ªçr·ªç mmas·ªã gharazie ·ªãd·ªã, na-eme ka ·ªç b·ª•r·ª• ihe nche siri ike kar·ªãa ka ·ªç d·ªã mkpa.	negative
Ihe nd·ªã na - ad·ªãgh·ªã n'ihe ak·ª•k·ªç ah·ª• na - ekwu na ihe nd·ªã na - eme n'ime ya na - eme ka nd·ªã mmad·ª• ghara ·ªãz·ªçp·ª•ta ha b·ª• ihe j·ªçgburu onwe ya .	negative
·ªå d·ªãgh·ªã onye ·ªç b·ª•la na-ad·ªãgh·ªã na-akpar·ªã a mgbe any·ªã trooped si. ·ªçb·ª•na sinima mkpara na-ad·ªãgh·ªã akw·ª• ·ª•gw·ªç, na-esi √≠s√¨.	negative
N'otu ·ª•z·ªç ah·ª•, ·ªçr·ª• ugbo na-akpali akpali ma na-ad·ªãgh·ªã mma b·ª• ihe na-echetara any·ªã nn·ªç·ªç ihe ize nd·ª• nd·ªã ·ªãkp·ªç onwe onye as·ªã p·ª•r·ª• iduga na ha.	negative
·ª§z·ªç d·ªã egwu isi malite af·ªç; Akpe b·ª• ·ªçgba aghara.	negative
O nwere ike ·ªã gagh·ªã akp·ªç onwe g·ªã as·ªã maka ·ªãh·ª• 'Superstar' mana ·ªã ga-ahap·ª• ya na-eche na ·ªã ga-anw·ª• anw·ª• ma n·ªçr·ªç n'·ª•ra ·ªçnw·ª•.	negative
·ªå ga-ab·ª• ihe na-ezigh·ªã ezi nye nd·ªã ·ªçr·ª• na nd·ªã ·ªçr·ª• niile ma ·ªç b·ª•r·ª• na m hap·ª• nke a.	negative
D·ªã ka ihe nd·ªã ·ªçz·ªç na-ezigh·ªã ezi d·ªã ka ya, e mere 'Knock Out Blessing' na nzube b·ª• isi iji mee ka nd·ªã na-emep·ª•ta ya nwee mmas·ªã kama ime ka nd·ªã na-ege nt·ªã Na·ªãjir·ªãa nwee obi ·ª•t·ªç.	negative
Akinnuoye-Agbaje na-eme ka ihe odide ya gharazie ·ªãma onye Eni b·ª•	negative
·ªå b·ª•r·ª• na ·ªã na-eme ihe nd·ªã a, ·ªã ga-enwe ike ·ªãhap·ª• ya.	negative
N'ezie, ·ªç b·ª• ihe ihere; 'Ok√© Osimiri' b·ª• igbufu nke nk√† d·ªã ·ªãt·ª•nanya.	negative
·ªå b·ª•r·ª• na m gwa g·ªã na ihe a b·ª• ihe nkiri d·ªã egwu, m ga-agha ·ª•gha.	negative
N'agbanyegh·ªã na ·ªç nagh·ªã ad·ªãte aka, ihe b·ª•ÃÅ nsogbu n'ezie na 'Funke' b·ª• na ·ªç na-agw·ª• ike, ·ªç nagh·ªãkwa at·ªç ·ª•t·ªç.	negative
·ªå b·ª•gh·ªã ihe a na-at·ª• aro ya!	negative
N'ikpeaz·ª•, nke a b·ª• onyinye na-ad·ªãgh·ªã mma nke a na-ekwes·ªãgh·ªã iweta na sinima.	negative
Ihe nkiri ah·ª• d·ªã mma, kar·ªãa nkezi. agba d·ªã nk·ªç. Na ime ihe nkiri ad·ªãgh·ªã egwu. Nsogbu b·ª• enwegh·ªã ikike ·ªçg·ª•g·ª• isi zuru oke na ak·ª•k·ªç na ·ªãk·ªç ak·ª•k·ªç. Otu ihe at·ª• d·ªã mfe ga-ezu:	negative
·ªån·ª• ·ªçg·ª•g·ª• nke mp·ª• nd·ªã nwa af·ªç a d·ªã af·ªç isii mere n' oge ihe nkiri a gh·ªçr·ªç ihe kar·ªãr·ªã akar·ªã iji g·ª•ta	negative
·ªå d·ªã mma maka ·ª•m·ª•aka d·ªã af·ªç iri na an·ªç, ·ªç d·ªã ka ak·ª•k·ªç Disney d·ªã ·ªçcha, ·ªç d·ªã ·ªçcha ma d·ªã ·ªçcha.	negative
E nwere ·ª•f·ªçd·ª• ihe nd·ªã na-at·ªç ·ªçch·ªã na oge nke ike na-enwegh·ªã isi, ma ·ªç d·ªã oke obosara, na ·ª•d·ªã ihe nkiri na usoro ihe nkiri nke d·ªã ka TV n'ehihie.	negative
Ihe d·ªã n'etiti.	negative
Ma ·ªç d·ªã mwute ikwu na oge nd·ªã a na-enye √¨h√® d·ªã nn·ªç·ªç ole na ole ma d·ªã anya n'etiti ha iji kwado ·ªãkw·ª• ·ª•gw·ªç siri ike iji h·ª• nke a	negative
·ªåz·ªçkwa, ihe nkiri ah·ª• d·ªã n'etiti Joseph na nwunye ya na-eme n'·ª•z·ªç nk·ªãt·ªã mana enwere m mmet·ª•ta na nke a b·ª• ihe ndek·ªç kar·ªãa ihe nkiri...	negative
N'ihi ya, nd·ªã na-ege nt·ªã na-an·ª• ·ª•da ·ª•da ogologo na nke mkp·ª•mkp·ª•	negative
·ªå d·ªãgh·ªã onye kwes·ªãr·ªã ile ihe nkiri a d·ªã egwu	negative
Snooze Fest, ·ªç b·ª•gh·ªã ·ªçt·ª•t·ª• ak·ª•k·ªç, ·ª•daolu na-enwegh·ªã isi	negative
gbakwunye ihe ·ªçj·ªç·ªç na-eme ka mmad·ª• na-eme ihe ·ªçj·ªç·ªç, na-eme ka mmad·ª• na-eme ihe ·ªçj·ªç·ªç, ·ªã ga-enwe ·ªçdachi.	negative
·ªå gagh·ªã agahie kpamkpam ozugbo, ma a ga-ata nd·ªã na-eme ihe nkiri ah·ª•h·ª• ma ·ªç b·ª•r·ª• na ha ad·ªãgh·ªã echefu ihe na-eme ma na-ama jijiji ma na-agba ·ªçs·ªç ma na-ekpuchi ihe a ruo mgbe ha Nollywood film b·ª• Bollywood ogologo, na-enwegh·ªã wit, okpom·ªçk·ª• ma ·ªç b·ª• ·ªçd·ªãnaya iji gosi na ·ªç b·ª• eziokwu	negative
Ihe na-ad·ªãgh·ªã mma, ihe na-ad·ªãgh·ªã mma, ihe na-agw·ª• ike, ihe nzuzu!	negative
Ihe nkiri mb·ª• ah·ª• na-ad·ªãgh·ªã mma, ma ·ªç na-egosi ·ªçt·ª•t·ª• nkwa	negative
Banyere ihe nkiri a a ma ama #KOB Enwegh·ªã m ike ikwu na ·ªç ka mma ma ·ªç b·ª• ka nj·ªç kar·ªãa ihe nd·ªã ·ªçz·ªç nke af·ªç efu,	negative
E mere na Parada·ªãs b·ª• a nzuzu film. ·ªå b·ª• nn·ªç·ªç nzuzu, ·ªç ga-akpasu g·ªã iwe ruo n'√≥k√® nke na ·ªã ga-amalite ·ªãch·ªã ·ªçch·ªã site na nn·ªç·ªç nk·ª•da mm·ª•·ªç. ·ªä ga-esi nn·ªç·ªç ike gw·ª• na-ele ya, ·ªã ga-ah·ª• na mberede onwe g·ªã na-eche d·ªã ka ma ·ªç b·ª•r·ª• na ·ªã na-d·ªã nn·ªç·ªç nwere ike na-enwe ·ª•t·ªç nzuzu nke a nzuzu film. nn·ªç·ªç nzuzu film.	negative
·ªå na-eji nway·ªç·ªç nway·ªç·ªç, na-eme ihe d·ªã mma ma na-ag·ª•nye ·ª•f·ªçd·ª• oyi ma njedebe ah·ª• ad·ªãgh·ªã agbaghara	negative
N'ihi na ok√© ifufe ad·ªãgh·ªã, zere iji 'Dagger' a gbagide akpa ego g·ªã n'obi...	negative
Mgbe m kwuru na ihe nd·ªã na-akpali akpali na-eme ka ihe any·ªã na-ekwu b·ª•r·ª• ihe ·ªçj·ªç·ªç, nke a b·ª• ihe at·ª• d·ªã mma.	negative
·ªå b·ª•r·ª• na ·ªã h·ª•r·ª• Chief Daddy: Going For Broke na ·ª•b·ªçch·ªã af·ªç ·ªçh·ª•r·ª• ya na Netflix ma chee ozugbo na ·ªç b·ª• onye na-aga maka ihe nkiri kachas·ªã nj·ªç n'af·ªç, mara na ·ªç b·ª•gh·ªã g·ªã kpatara ya;	negative
·ªäb·ª• onye umengw·ª• na onye na-eme ka obi daa mb√†!	negative
Snooze Fest, ·ªç b·ª•gh·ªã ·ªçt·ª•t·ª• ak·ª•k·ªç, ·ª•daolu na-enwegh·ªã isi	negative
Ihe nkiri ah·ª• ad·ªãgh·ªã mma, ntak·ªãr·ªã ihe nd·ªã na-eme ihe nkiri (ikekwe na-ach·ªãkwa ya?) ma ihe gbara ya gburugburu d·ªã mma.	negative
·ªåd·ªãd·ªã d·ªã ala maka mmefu ego d·ªã elu ot√∫ ah·ª•	negative
Ihe d·ªã mma, ihe d·ªã egwu na-eme.	negative
·ªå b·ª•gh·ªã ihe a na-at·ª• aro.	negative
Ak·ª•k·ªç d·ªã mma, na-eme ihe ·ªçj·ªç·ªç.	negative
Ihe nkiri nwere kpakpando nke mere ka kpakpando yie ka ha na-eme ihe nkiri ·ª•l·ªç akw·ª•kw·ªç ·ªçta akara	negative
·ªå b·ª•gh·ªã ihe a na-at·ª• aro.	negative
Ihe nzuzu, ihe j·ªçgburu onwe ya, ihe ihere, ihe ihere na-enwu gbaa.	negative
Ihe nkiri a na-eme ka m ch·ªç·ªç ya nke ukwuu, ma ·ªç na-esiri m ike ·ªãn·ª• ·ª•t·ªç ya n'etiti edemede Genevieve Nnaji.	negative
N'ezie, otu n'ime ihe nkiri egwu kas·ªã nj·ªç e mep·ª•tara...	negative
"Ma , ·ªç b·ª•r·ª• na any·ªã ekwuo banyere ihe nkiri , ihe odide ak·ª•k·ªç , ·ªç b·ª• ihe na- esigh·ªã n"" ·ª•wa a ap·ª•ta ."	negative
"·ªå b·ª• ezie na a na-ekpuchi ya na ""Ihu"" n'·ª•z·ªç na-ezigh·ªã ezi, 'Bridal Shower' ab·ª•gh·ªã n'ezie ihe nkiri egwu. ·ªå b·ª• ihe nkiri nzuzu- kpamkpam na kpamkpam nzuzu!"	negative
·ªå b·ª• ihe efu - ·ªç b·ª• ·ªãnak·ªçta ego n'·ª•z·ªç na-enwegh·ªã isi.	negative
Nnukwu ndakp·ªç olileanya	negative
Ihe Na-agw·ª• Ike	negative
·ªåmar·ªãcha ma ·ªç b·ª• onye na-enwegh·ªã ike ime ihe ·ªç b·ª•la	negative
Ihe mere ka 'The Perfect Picture' ghara ·ªãd·ªã mma b·ª• na ·ªç b·ª• ihe ·ªçj·ªç·ªç mere o ji mebie ya.	negative
Ihe a na-eme n'ezie ka ·ªç b·ª•r·ª• ihe a na-ah·ª• anya n'·ª•l·ªç akw·ª•kw·ªç sek·ªçndr·ªã.	negative
ma ·ª•da na egw√∫ ah·ª• d·ªã nj·ªç nke na ·ªç na-ebibi ihe ·ªç b·ª•la d·ªã mma	negative
Anagh·ªã m ele ihe nd·ªã a nile, ·ªçb·ª•nad·ªã nke ab·ª•·ªç, nke a na-ah·ª• anya na-eme ka agb·ª•r·ª• d·ªã iche iche na-eme ihe ·ªçj·ªç·ªç site n'otu mba Africa na-enwegh·ªã ·ª•l·ªç ·ªçr·ª• ihe nkiri.	negative
Ezi ak·ª•k·ªç, mmejuputa iwu ad·ªãgh·ªã mma	negative
Ihe nkiri ah·ª• ad·ªãgh·ªã mma, ·ª•daolu ah·ª• na-emeghar·ªã, ak·ª•k·ªç ah·ª• b·ª•... (·ªç b·ª•r·ª• na e nwere otu m gaara ak·ªçwa ya ebe a).	negative
Ihe e dere na ya d·ªã mma, ma ak·ª•k·ª• nd·ªã ah·ª• ad·ªãgh·ªã mma.	negative
Ot√∫ e si eji akw·ª•kw·ªç a na-enwegh·ªã isi eme ihe	negative
"·ªå d·ªãgh·ªã ihe d·ªã mma banyere ""Ihe ah·ª• nke Na-ejik·ªçta Any·ªã""."	negative
Ihe nkiri a na-ar·ª•p·ª•ta ihe siri ike mana obi ad·ªãgh·ªã.	negative
Ebe ·ªç b·ª• na ·ªç na-elekwas·ªã anya na mmek·ªçr·ªãta d·ªã n'etiti Joseph na Suzy, ihe nkiri ah·ª• na-enye ntak·ªãr·ªã √¨h√® na February 13, 1976, igbu ·ªçch·ª•, nke mere ka Olusegan Obasanjo n·ªçr·ªç n'·ªçch·ªãch·ªã.	negative
Nd·ªã a ab·ª•gh·ªã nd·ªã d·ªã nj·ªç, biko, ekwela ka Naira g·ªã kw·ª•ghachi ha ·ª•gw·ªç.	negative
Ihe nkiri a aghagh·ªã ·ªãb·ª• ihe kas·ªã akpata ndakp·ªç olileanya na-akpata obi ·ª•t·ªç any·ªã h·ª•t·ª•r·ª•la.	negative
Ikekwe ·ªç b·ª• ihe kas·ªã nj·ªç e mere na fim nke yiri ka e ji ego zuru ezu mee.	negative
·ªå na-eji nway·ªç·ªç nway·ªç·ªç, ·ªç na-efu oge.	negative
Enwegh·ªã m ike ikweta na m n·ªçr·ªç awa ab·ª•·ªç na-ekiri fim a	negative
Ihe nkiri a ad·ªãgh·ªã m amas·ªã nke ukwuu	negative
O NWERE ihe f·ªçr·ªç nke nta ka ·ªç b·ª•r·ª• na e nwegh·ªã ihe d·ªã na ya.	negative
Mkpar·ªãta ·ª•ka na-ad·ªãgh·ªã ike, ihe nkiri agha nd·ªã na-ad·ªãgh·ªã mma.	negative
Site n'·ªãb·ª• onye na-edegh·ªã ihe nke ·ªçma, gaa n'ak·ª•k·ªç na-ad·ªãgh·ªã mma; ihe nkiri na-ad·ªãgh·ªã mma na ihe na-ad·ªãgh·ªã mma; ihe odide na-ad·ªãgh·ªã mma na nhazi ·ªçj·ªç·ªç.	negative
Ihe nkiri a j·ªçgburu onwe ya.	negative
E wez·ª•ga ·ªãb·ª• onye a p·ª•r·ª• ·ªãt·ª• anya ya nke ukwuu na inwe ihe nkiri d·ªã n'okpuru nkezi, ·ªç na-enwe ·ªçt·ª•t·ª• mgbal·ªã na-ad·ªãgh·ªã mma iji mep·ª•ta ihe nd·ªã na-emebi emebi.	negative
·ªå na-ewute m ot√∫ e si akp·ªç ihe nkiri a.	negative
Ihe na-ad·ªãgh·ªã mma ma na-agw·ª• ike, 'Efunsetan Aniwura' b·ª• ihe ngosi nke ak·ª•k·ªç na-agw·ª• ike na-enwegh·ªã isi.	negative
M na-agbaji	negative
Ihe Nd·ªã A Na-eme na Filimi Nd·ªã Na-ab·ª•gh·ªã Ihe nkiri B·ª•ÃÅ N·ªçl·ªç N·ªçl·ªç	negative
·ªå B·ª§ ·ª§T·ª§T·ª§ ·ª§T·ª§T·ª§	negative
Ihe nkiri a kwere nkwa ·ªçt·ª•t·ª• ihe ma ·ªç b·ªãara b·ª•r·ª• ihe nzuzu na-akpata nsogbu.	negative
"Ha na-eji kaad·ªã nd·ªã a na-akp·ªç ""Bruce Brothers"" eme ihe iji gosi nd·ªã mmad·ª• na ha b·ª• nd·ªã a ma ama."	negative
Ihe nkiri ah·ª• yiri ka ·ªç d·ªã lar·ªã·ªã ma na-agw·ª• ike n'agbanyegh·ªã na ·ªç d·ªã n'√®z√≠.	negative
·ªå na-ekwe nkwa ·ªãch·ªã ·ªçch·ªã, ma ihe nkiri ah·ª• d·ªã ntak·ªãr·ªã ma na-akpali ·ªçch·ªã kama ·ªãch·ªã ·ªçch·ªã na-enwegh·ªã at·ª• ·ªã na-at·ª• anya ya mgbe ·ªã gara fim maka ihe nkiri.	negative
Abigail ad·ªãgh·ªã mma, onye ·ªçj·ªç·ªç ah·ª• b·ª• onye na-emebi iwu, ha ch·ªçp·ª•tara na ·ªç b·ª• ihe na-ad·ªãgh·ªã mma maka nd·ªã isi ojii ·ªãlaghachi n'oge	negative
·ªår·ª• nwany·ªã ah·ª• b·ª• nnukwu mmechuihu.	negative
·ªå b·ª• nan·ªã ihe na-at·ªç ·ª•t·ªç m na-ah·ª• b·ª• njedebe ya.	negative
Ihe a b·ª• ihe ihere na ihe ·ªçj·ªç·ªç d·ªã nj·ªç nye CNA.	negative
Ihe nkiri na-eme ka ·ª•gb·ªç okporo √≠gw√® k·ª•da mm·ª•·ªç. Nkeji 90 nke nhazi ·ª•da na ime ihe nkiri na-ad·ªãgh·ªã mma.	negative
mgbagwoju anya. Nke a b·ª• ot√∫ a d·ªã ka a mma nkiri na Africa na 2012? ·ªå b·ª•r·ª• ot√∫ ah·ª• ... ·ªç b·ª• ok√©! M ga-eche (na nke ah·ª• ikpe) ma ·ªç b·ª•r·ª• na ·ªç na-aka mma na 2021?	negative
"""Knock Out Blessing"" b·ª• ihe nkiri na-abagh·ªã uru nke a na-ekwes·ªãgh·ªã ime, ma ·ªç b·ª• ma ·ªç d·ªãgh·ªã ihe ·ªçz·ªç ka a ghara ·ªãhap·ª• ya n'ihu ·ªçha."	negative
·ªå na-ewe ogologo oge.	negative
·ªå b·ª• maka nd·ªã na-eme ihe nkiri na-eme ihe nkiri na-enwegh·ªãkwa nduzi Akinropo.	negative
Suga Suga nwere ·ªçt·ª•t·ª• ihe nkiri na-eme ka anya na-aga nke na-emecha kw·ª•s·ªã na mkpebi nke esemokwu na-ad·ªãgh·ªã ike.	negative
N'·ª•z·ªç na-ak·ª•da mm·ª•·ªç, Enitan si n'ime mm·ª•·ªç efu gh·ªç·ªç ·ªçk√† mm·ª•ta ma ugbu a, a na-akpali onye na-ese ihe ·ªãbanye n'ime nkeji ikpeaz·ª• f·ªçd·ª•r·ª• mgbe ihe niile ah·ª• na-ad·ªãgh·ªã mma gas·ªãr·ªã.	negative
Ihe nkiri mb·ª• m nke Na·ªãjir·ªãa. . . .N'ime af·ªç ole na ole gara aga, ah·ª•r·ª• m ·ªçt·ª•t·ª• ak·ª•k·ªç na-egosi na mba Na·ªãjir·ªãa nwere ·ª•l·ªç ·ªçr·ª• ihe nkiri d·ªã n'ime obodo na-aga nke ·ªçma. ·ªå b·ª• ezie na eziokwu ah·ª• mas·ªãr·ªã m n'ezie, enwegh·ªã m ike ·ªãch·ªçta ihe nkiri Na·ªãjir·ªãa d·ªãn·ª• maka m ile anya ruo mgbe m zutere nke a na Netflix. N'eziokwu, m na-at·ª• anya ihe d·ªã mma na-enwegh·ªã isi, nke a b·ª•kwa eziokwu. ·ªå b·ª• ezie na e nwere ·ª•f·ªçd·ª• ihe nkiri d·ªã mma na / ma ·ªç b·ª• nt·ª•ziaka nke na-egosi na mgbe ·ª•f·ªçd·ª• ·ª•f·ªçd·ª• ·ª•f·ªçd·ª• nd·ªã na-eme ihe nkiri na-eme mgbal·ªã d·ªã mma, ihe nkiri ah·ª• nwere ·ªçt·ª•t·ª• ihe na-ad·ªãgh·ªã mma. Ihe nkiri ah·ª• ad·ªãgh·ªã mma, ·ªç d·ªã ntak·ªãr·ªã n'·ª•z·ªç nke mmep·ª•ta ·ª•kp·ª•r·ª•, na ihe nkiri nke ·ªçt·ª•t·ª• nd·ªã na-eme ihe nkiri b·ª• onye na-eme ihe nkiri. N'ezie, enwere m mmas·ªã ·ªãgbaghara ihe niile nke ihe nkiri ah·ª• nwere ike ghara ·ªãd·ªã mfe, na nke a b·ª• nsogbu, na ·ªç b·ª• na ·ªç d·ªã ntak·ªãr·ªã oge na-ad·ªãgh·ªã anya ma ·ªç b·ª• na ·ªç d·ªã oke mkpa ka ·ªã n·ª• ihe nkiri ah·ª•. ·ªå b·ª•r·ª• na ·ªã nwere ike ·ªãn·ª• ihe nkiri ah·ª• ma ·ªç b·ª• ihe nkiri na-ad·ªãgh·ªã anya ma ·ªç b·ª• na ·ªç d·ªã anya ma ·ªç d·ªã anya ma ·ªç b·ª• na ·ªç d·ªã anya.	negative
N'·ª•z·ªç d·ªã mwute, any·ªã ap·ª•gh·ªã ·ªãnagide egbe nd·ªã na-eme ka nd·ªã na-eme njem gaa n'ihu, egbe nd·ªã na-agaghar·ªã agaghar·ªã, uwe nd·ªã a na-eji eme njem, ihe nkiri nd·ªã na-enwegh·ªã nk√† na ihe nd·ªã na-ad·ªãgh·ªã mkpa na ememe ncheta ogologo oge maka ihe nkiri nd·ªã e gosip·ª•tarawor·ªã, ihe niile jup·ª•tara na mkpughe nd·ªã na-enwegh·ªã isi nke nd·ªã na-eme ihe ike na-eme ka a maa ama site na mmalite.	negative
N'·ª•z·ªç d·ªã mwute, ihe nkiri ah·ª• na-ab·ª•kar·ªã nke d·ªã ebube ma d·ªã umengw·ª• na ·ª•f·ªçd·ª• oge d·ªã nn·ªç·ªç ·ª•t·ªç nke mkpughe mmet·ª•ta uche n'·ª•b·ªçch·ªã.	negative
Ihe nkiri ah·ª• ad·ªãgh·ªã mma, ntak·ªãr·ªã ihe nd·ªã na-eme ihe nkiri (ikekwe na-ach·ªãkwa ya?) ma ihe gbara ya gburugburu d·ªã mma.	negative
Otu mgbe n'abal·ªã b·ª• ihe nzuzu.	negative
N'eziokwu, ·ªã nagh·ªã agh·ªçta ebe i kwes·ªãr·ªã ·ªãn·ªç ma ·ªç b·ª• ot√∫ i kwes·ªãr·ªã isi na-akpa √†gw√† n'ihi na e kwes·ªãr·ªã ime ka ihe niile daba n'ihe nd·ªã i nwere.	negative
Ihe nkiri a na-agw·ª• ike nke ukwuu maka sinima.	negative
ihe ·ªçj·ªç·ªç	negative
Any·ªã na-akp·ªç ya owuwe ihe ubi- e jidere any·ªã d·ªã ka nd·ªã mkp·ªçr·ªç ruo minit iri ise, a manyere any·ªã ·ªãga njem nleta n'ebe a na-eme njem, ·ªç b·ª•gh·ªã ihe a na-at·ª• aro ya.	negative
·ªåÃÄ d·ªã onye zitere ihe odide pilot Netflix ha dara ada na Na·ªãjir·ªãa d·ªã ka √† ga-as·ªã na ·ªç b·ª• uwe elu nke nd·ªã na-eme egwuregwu Super Bowl?	negative
Ak·ª•k·ªç siri ike na ihe na-ad·ªãgh·ªã mma na-eme ka ihere na-eme b·ª• ihe e ji mara onye na-eme ihe ·ªçj·ªç·ªç a - O nwere ike iyi ihe ijuanya ma; ihe nkiri a d·ªã ka ihe e ji eme ihe n'·ª•z·ªç na-ezigh·ªã ezi nke 'Isoken'.	negative
Ihe nkiri nzuzu.	negative
Nke a b·ª• nn·ªç·ªç ihe nkiri kas·ªã nj·ªç m h·ª•t·ª•r·ª•la n√° nd·ª• m!	negative
Ihe nkiri ah·ª• ad·ªãgh·ªã nj·ªç, obi ya d·ªãkwa n'ebe kwes·ªãr·ªã ekwes·ªã, ma ·ªç na-egbu mgbu ile ya n'ebe ·ª•f·ªçd·ª•.	negative
·ªå b·ª• ezie na ihe nkiri ah·ª• d·ªã ka onye ·ªçkachamara, ekwela ka ihe nkiri a gh·ªçgbuo g·ªã. ·ªå b·ª• ·ªçdachi.	negative
·ªå d·ªãgh·ªã isi, ·ªç d·ªãgh·ªã ·ªçd·ª•, ihe odide ·ªçj·ªç·ªç, igbu oge na ihe efu d·ªã ok√© ·ªçn·ª• ah·ªãa.	negative
·ª§d·ªã kpakpando ha na - enwegh·ªã na fim a	negative
·ªå d·ªã mma	negative
Ikpe: A nagh·ªã at·ª• aro ya.	negative
·ªå b·ª• ezie na ·ªç na-eme ka nd·ªã na-eme ihe nkiri (eze na Amina) nwee nk·ª•da mm·ª•·ªç, ·ªç na-esiri onye na-eme ihe nkiri (Maladi) ike ·ªãmata ma ·ªçÃÄ b·ª• onye na-eme ihe nkiri na-eme ka ·ªç d·ªã mfe n'ihi na ·ªçr·ª• ya kwes·ªãr·ªã ·ªãd·ªã nj·ªç.	negative
·ªå d·ªãgh·ªã onye ·ªç b·ª•la a na-at·ª• aro ya, ·ªçb·ª•nad·ªã ·ª•m·ª•aka.	negative
Akp·ªãr·ªã aka ala otu n'ime ihe nkiri kas·ªã nj·ªç m h·ª•t·ª•r·ª•la	negative
Ihe kacha nj·ªç e mere b·ª• na o nwegh·ªã ezigbo onye na-eduzi ihe n'oge Ahannas na-eme ihe nkiri ah·ª• mgbe ·ªç h·ª•r·ª• ka a na-ere otu nwoke ·ªçk·ª•.	negative
Ihe mkpofu... otu ihe mkpofu ·ªçz·ªç site na NETFLIX. Oge !!	negative
·ªå d·ªã nn·ªç·ªç nj·ªç	negative
M na-ekpuchi nke a. ·ªå d·ªãgh·ªã ·ª•z·ªç m na-ekiri ihe niile	negative
·ªä ga-akwa ·ª•ta na ·ªã na-ele fim a.	negative
Nd·ªã ogbenye	negative
Ihe nd·ªã d·ªã nn·ªç·ªç mkpa.	negative
'Nd·ªã Nde' b·ª• n'·ª•z·ªç b·ª• isi ihe na-enwegh·ªã ihere nke izu ohi nke 'Ocean's film series' edemede; any·ªã enwegh·ªã mmas·ªã.	negative
"Gbarada' b·ª• ihe nkiri Idumota ""Yoruba"" nke nwere ihe nzuzu nile nke na-ab·ªãa na ak·ª•k·ª• nke Nollywood."	negative
Onye Ns·ªç nke Israel! . Gini ka Genevieve chere na o mere? Ihe nkiri? Nke a b·ª• nr·ª•r·ª• aka n'elu. Nd·ªã edemede b·ª• nd·ªã na-eme egwuregwu.	negative
Ihe nkiri kas·ªã nj·ªç e mep·ª•tara n'·ª•wa	negative
Naan·ªã ihe m na-ekwu b·ª• na ·ªç b·ª• ihe ·ªçj·ªç·ªç.	negative
Special Jollof b·ª• ·ªçz·ªç oyi Turkey si Nollywood na Diaspora. na d·ªã ka ·ªç na-emekar·ªã; ·ªç na-emesi site a y√©y√© ak·ª•k·ªç na a plethora nke ·ªçkara obi na-eme ihe nkiri ar·ª•m·ªçr·ª•. E nwegh·ªã ihe na-ah·ª• ebe a. ·ªå b·ª• a zuru ezu igbu oge na ego.	negative
Enwere m ike ikwu na ·ªç b·ª•r·ª• na Luna emee ka ·ªç na-agbaji b·ª• ak·ª•k·ªç na-ad·ªçr·ªç mmas·ªã kar·ªãa isi papa 2.	negative
Amagh·ªã m ·ªçt·ª•t·ª• ·ª•gb·ªçelu dara na Na·ªãjir·ªãa, ma e wep·ª•tara fim a ·ª•b·ªçch·ªã ise	negative
Ihe nkiri a gaara aka mma ma a s·ªã na e nyere ya ego kar·ªãa .	negative
Ebe ·ªç na-enwegh·ªã ihe ·ªç b·ª•la na-eme ka a na-eduzi ya ma ·ªç b·ª• na-enwegh·ªã ihe ·ªç b·ª•la na-eme ka a na-eme ka ·ªç d·ªã mfe, nke a b·ª• ogologo, nke siri ike na-eme ka nd·ªã enyi na nd·ªã ezin·ª•l·ªç nke nd·ªã na-eme ihe nkiri na nd·ªã ·ªçr·ª• ah·ª• nwee ekele maka ya	negative
O kwes·ªãgh·ªã iwep·ª•ta oge g·ªã .	negative
·ªå b·ª• nn·ªç·ªç ihe nzuzu. ·ªå b·ª• nn·ªç·ªç obere na m na-ahap·ª• a film, m na-enwegh·ªã ike r·ª•chaa nke a, m kw·ª•s·ªãr·ªã mgbe 30 nkeji.	negative
n'ikpeaz·ª•, ·ªç na-eme ka fim ah·ª• d·ªãkwuo mma n'ihi ihe gaara ab·ª• ihe siri ike kar·ªã, nke na-eme ka obi sie ike ma na-emet·ª• n'ah·ª•ÃÅ.	negative
N'·ª•z·ªç d·ªã mwute, enwegh·ªã mmas·ªã n'ihe nd·ªã d·ªã mkpa akw·ª•s·ªãgh·ªã n'ihe at·ª• nd·ªã a kp·ªçt·ª•r·ª• aha n'elu.	negative
Ebe a na-eme ka mmanya na-acha, ma ·ªç nagh·ªã enwu gbaa, d·ªã ka ebe a na-eji mkp·ª•r·ª• va·ªãn a na-am·ª•gh·ªã am·ªã eme ihe.	negative
Ihe nkiri a d·ªã nn·ªç·ªç mma.	negative
Nke a b·ª• nn·ªç·ªç boring na egwu film	negative
Ihe nd·ªã na-ad·ªãgh·ªã mma na-egosi na 'Onye Mmehie' b·ª• ihe nzuzu!	negative
M n·ªç na-ele ya maka ihe mm·ª•ta.	negative
·ªå na-eji nway·ªç·ªç nway·ªç·ªç, ·ªç na-efu oge.	negative
M na-eme ihe ·ªçj·ªç·ªç.	negative
Ihe nkiri ah·ª• b·ª• ezigbo ihe ·ªçj·ªç·ªç nye Nollywood.	negative
M jidere ah·ª•h·ª• Nollywood mgbe m na-ekiri Rattlesnake.	negative
N'ihe nd·ªã na-at·ªç ·ªçch·ªã na-eme ka a na-ekwubiga okwu √≥k√® na ihe nd·ªã na-eme ka a na-eme ihe nkiri na-agbanwe n'etiti ime ihe kar·ªãr·ªã akar·ªã na ime ihe ·ªçj·ªç·ªç.	negative
Ihe a na-eme n'ebe nile, ·ªçt·ª•t·ª• nd·ªã a na-akp·ªçkwa nd·ªã na-eme ihe nkiri ad·ªãgh·ªãzi eme nke ·ªçma.	negative
igbu oge na ihe onwunwe	negative
·ªä ga-akp·ªç ya as·ªã	negative
Ak·ª•k·ªç ah·ª• mara mma , ma ·ªç b·ª• igbu oge awa ab·ª•·ªç d·ªã ok√© ·ªçn·ª• ah·ªãa .	negative
Ha gbal·ªãr·ªã ike ha niile; 'Onye Ukwu' ah·ª• egosila na ya enwegh·ªã ike ime ihe ·ªç b·ª•la, o mezugh·ªã nkwa nd·ªã o kwere n√° mkp·ªçsa.	negative
Ihe nkiri ah·ª• ad·ªãgh·ªã mma, onye edemede ah·ª• b·ª• nwa af·ªç iri na ab·ª•·ªç, ·ª•da ·ª•da ad·ªãgh·ªã mma.	negative
·ªäga n'·ª•z·ªç mara mma, nke soap opera site na agha obodo Na·ªãjir·ªãa nke af·ªç 1960 na-egosi na ·ªç b·ª• njehie njem nke mmep·ª•ta a a h·ªçp·ª•tara nke ·ªçma enwegh·ªã ike ·ªãgbake kpamkpam.	negative
Ot√∫ ·ªç d·ªã, nke a enwegh·ªã ihe ·ªç b·ª•la ·ªçz·ªç ma e wez·ª•ga na ·ªç b·ª• ihe na-agw·ª• ike.	negative
·ªå b·ª• ihe ·ªçj·ªç·ªç, ma ihe nkiri ah·ª• ka na-at·ªç ·ª•t·ªç.	negative
Nke a b·ª• ihe ·ªçj·ªç·ªç nd·ªã isi na-eme.	negative
·ªägba nd·ªã mmad·ª• ume n'agbanyegh·ªã na ha nwere ihe ·ª•f·ªçd·ª• na-ad·ªãgh·ªã mma ha na-eme	negative
Ihe nkiri a d·ªã ka ihe na-ad·ªãgh·ªã mma nke echiche nd·ªã na-ad·ªãgh·ªã mma na ·ªãh·ª•nanya nke obi na-ad·ªãgh·ªã mma.	negative
Ihe odide nke ihe nkiri ah·ª• ap·ª•gh·ªã ·ªãb·ª• ihe nkiri amateur nke ·ª•l·ªç akw·ª•kw·ªç sek·ªçndr·ªã.	negative
Ihe nkiri a ad·ªãgh·ªã m amas·ªã nke ukwuu .	negative
Ihe nkiri ah·ª• d·ªã nn·ªç·ªç nj·ªç, ihe odide ah·ª• d·ªãkwa nj·ªç.	negative
Ihe nkiri ah·ª• b·ª• osisi, mkpar·ªãta ·ª•ka ah·ª• f·ªçr·ªç nke nta ka ·ªç b·ª•r·ª• ihe na-ad·ªãgh·ªã mma, d·ªã ka a na-eme ka nd·ªã na-eme ihe nkiri na-ekwu okwu mgbe niile.	negative
Ihe nile banyere fim a na-ekwu okwu ala ego	negative
Gwuo iji zuru oge g·ªã!	negative
Lee ihe j·ªçgburu onwe ya ·ªç b·ª• !	negative
·ªå b·ª• nan·ªã n'·ª•d·ªã ihe nkiri Nollywood ka ·ªç na-ad·ªã nn·ªç·ªç ka ·ªçÃÄ b·ª• ihe na-akpali akpali.	negative
·ªägba aghara ab·ª•gh·ªã ihe mara mma.	negative
Ihe ngosi ah·ª• na-an·ªçgide na-ad·ªã ka ·ªç d·ªãgh·ªã ebe ·ªç b·ª•la mgbe ·ª•f·ªçd·ª•.	negative
Eziokwu ah·ª• b·ª• na ·ªç b·ª• ihe nkiri egwu na-eme ka ·ªç b·ª•r·ª• ihe j·ªçgburu onwe ya.	negative
Ihe nkiri ah·ª• j·ªçgburu onwe ya, ak·ª•k·ªç ah·ª• b·ª•kwa ihe ·ªãt·ª•nanya.	negative
LMAO	negative
Ihe na-ak·ª•da mm·ª•·ªç b·ª• na 'Levi' b·ª• ihe nkiri na-enwegh·ªã nzube.	negative
"Ihe nkiri ah·ª• b·ª• ihe ·ªãr·ªãba ama n'ihi enwegh·ªã ·ªçm·ªãiko onwe onye, ma ·ªç na-eme ka ah·ª•mah·ª• nke ""Ag·ª•makw·ª•kw·ªç"" b·ª•r·ª• ihe na-enwegh·ªã obi ebere maka nd·ªã na-ege nt·ªã."	negative
Ekwenyesiri m ike na ·ªç gaara aka mma ma e jiri ya mee ihe d·ªã ka ihe nkiri d·ªã mkpirikpi nke were minit 10 ruo 30 iji nwalee mmiri ah·ª•.	negative
Ihe nkiri na-enwegh·ªã nzube.	negative
·ªå b·ª• mgbal·ªã a na-eme n'·ª•z·ªç d·ªã mma ma nke na-enwegh·ªã isi iji mee ka onye na-ekiri ya nwee mmas·ªã.	negative
Cheed·ªã echiche na ·ªã na-agbal·ªã ime Indomie na-enwegh·ªã ihe ·ªç b·ª•la na-at·ªç ·ª•t·ªç.	negative
Ihe odide ah·ª• b·ª• ihe na-enwegh·ªã isi	negative
Ha na-akwak·ªçba ihe ·ªçch·ªã d·ªã iche iche, memes na vidiyo nke comics nd·ªã a na-amagh·ªã nke ·ªçma nke gh·ªçr·ªç nd·ªã na-ewu ewu na netw·ªçk·ª• mmek·ªçr·ªãta Na·ªãjir·ªãa, kp·ªç·ªç ya ihe nkiri nke ha ma weta ya na sinima. ·ªå b·ª•r·ª• na ·ªã b·ª• nnukwu na netw·ªçk·ª• mmek·ªçr·ªãta, ·ªã ga-ah·ª•la ·ªçt·ª•t·ª• n'ime ha, ·ªçt·ª•t·ª• oge tupu. Ma ·ªã gagh·ªã ah·ª• ha ka ha na-at·ªç ·ªçch·ªã ebe a ebe nd·ªã nr·ª•p·ª•ta anagh·ªã enwe ike ·ªãka mma na plagiarism, na-ahap·ª• 'Social Media 101' na-eme ihe nkiri na-eme ka ·ªç b·ª•r·ª• ihe na-ad·ªãgh·ªã mma, mkpar·ªãta ·ª•ka na-agw·ª• ike na ·ªçk·ª• ·ªçk·ª• egwu. Nke a b·ª• ihe nzuzu!	negative
"Ihe nkiri a b·ª• ihe j·ªçgburu onwe ya. ""Ihe j·ªçgburu onwe ya"" ga-ab·ª• okwu ah·ª•."	negative
Ihe nkiri Nigerian ·ªçz·ªç nke nwere ·ªçt·ª•t·ª• mkp·ªçt·ª• ma ·ªç b·ª• nke na-enwegh·ªã ihe ·ªç b·ª•la m ga-agwa onye ·ªç b·ª•la.	negative
·ªå b·ª•gh·ªã ihe ·ªçj·ªç·ªç, ma ihe odide ah·ª• na ihe nd·ªã o mere na-ata ah·ª•h·ª•.	negative
Ihe nkiri ah·ª• na-eme ka nd·ªã mmad·ª• na-enwe obi ·ª•t·ªç.	negative
Ak·ª•k·ªç ak·ª•k·ªç na-ad·ªãgh·ªã mma... na nnukwu ihe odide nke ak·ª•k·ªç ihe mere eme maka ·ªçd·ªãmma nke ihe nkiri.	negative
·ªå b·ª• onye na-eme ihe n'enwegh·ªã ihe ·ªç b·ª•la, onye na-enwegh·ªã ihe ·ªç b·ª•la ·ªç ga-eme.	negative
·ªå b·ª•gh·ªã nnukwu ihe nkiri	negative
Ihe nkiri a b·ª• ihe na-akpata obi ·ª•t·ªç	negative
·ªå na-ak·ªç ak·ª•k·ªç na-enwegh·ªã isi nke mmad·ª• nwere ike ·ªã·πÖ·ª• iyi na ·ªç b·ª• nwa akw·ª•kw·ªç ·ª•l·ªç akw·ª•kw·ªç pra·ªãmar·ªã dere ya ngwa ngwa maka ihe ngosi ngosi ihe nkiri nke ·ª•b·ªçch·ªã ·ªçd·ªãbend·ªã nke af·ªç gara aga	negative
·ªå b·ª•r·ª• na i ji oge g·ªã kp·ªçr·ªç ihe, gbal·ªãsie ike ka ·ªã ghara ime ot√∫ ah·ª•.	negative
Ihe nkiri nwere ike ·ªãd·ªã nj·ªç, ma ·ªç d·ªã mkpa?	negative
·ªå b·ª•r·ª• na m b·ª• pr·ªçfes·ªç na-eme fim na-agbal·ªã ·ªãla n'iyi site n'·ªãkpagbu ·ª•m·ª• akw·ª•kw·ªç m, enwegh·ªã m ike iche echiche nke ·ªçma maka ihe ngosi a ch·ªçr·ªç.	negative
Oge d·ªã ogologo, ihe ·ªçj·ªç·ªç, ihe na-ad·ªãgh·ªã mkpa	negative
·ªäk·ªç ak·ª•k·ªç na-akpali akpali na ime ihe na-ad·ªãgh·ªã mma b·ª• ihe e ji mara onye na-eme ihe ·ªçj·ªç·ªç a.	negative
Olee ot√∫ fim e ji okwu nd·ªã a mee si b·ª•r·ª• nke na-ad·ªãgh·ªã mma ma na-agw·ª• ike?	negative
ak·ª•k·ªç a nwere ike ·ªãgh·ªç ak·ª•k·ªç a na-akwanyere √πgw√π, ma igbu ya ad·ªãgh·ªã mma, ·ªç na-emekwa ka ·ªç b·ª•r·ª• ihe a na-echefu echefu.	negative
Ihe nkiri a nwere obere ihe d·ªã mma kar·ªãa usoro 'Third Eye' nke af·ªç 90 na Pa Olu Jacobs.	negative
Nollywood na-eme any·ªã ihere	negative
·ªälanar·ªã Jelili' b·ª• ihe na-egosi ihe na-enwegh·ªã isi na ihe na-eme ka anya ghara ·ªãh·ª• ·ª•z·ªç.	negative
Mgbe e mechiri fim mb·ª• b·ª•ÃÅ Chief Daddy , e mere ka onye ·ªçh·ª•r·ª• ah·ª• p·ª•ta n'ihe nkiri ikpeaz·ª• ah·ª• , ma Chief Daddy 2 mere ka ·ªçn·ª• a b·ª•r·ª• ·ªçn·ª• n'af·ªç nke ab·ª•·ªç ruo n'·ªçkwa ·ªçh·ª•r·ª• .	negative
·ªå b·ª•gh·ªã ebe ah·ª• ka e kwes·ªãr·ªã ·ªãkw·ª•s·ªã ya. ·ªå b·ª• onye edemede na-ab·ª•gh·ªã ·ªçkachamara.	negative
Ihe ah·ª• ha mere ad·ªãgh·ªã mma n'ezie, ha n·ªçkwa ebe nile.	negative
·ªå b·ª• nnukwu igbu oge na ego	negative
Ihe nkiri a b·ª• ihe na-ad·ªãgh·ªã mma, ·ªçb·ª•na ·ª•m·ª•aka agagh·ªã enwe mmas·ªã na ya.	negative
