yor_Latn	sentiment
√Äk·ªçl√© n√≠pa √¨t√†n t√≥ ≈Ñ m√∫ni ron√∫ jinl√®Ã£ y√¨√≠ ≈Ñ m√∫ k√° r√°nt√≠ p√© n√≠ N√†√¨j√≠r√≠√†, b√≠ n«πkan ·π£e ≈Ñ y√≠ pa d√†, b√©Ã£√®Ã£ ni √¨w√† w·ªçn √° t√∫b√≤Ã£ m√°a bur√∫ s√≠ i.	positive
√ì gba √¨sap√° √†ti √¨w√°d√¨√≠ t√≥ p√≤Ã£ gan-an l√°ti ·π£e √®y√≠, √≥ s√¨ j√©Ã£ p√© √≥ r·ªçr√πn l√°ti fi h√†n p√© √≥ d√°ra gan-an, √≥ s√¨ ·π£e kedere p√© √≥ ·π£e kedere.	positive
√†w·ªçn √®√®y√†n mi n√≠ ab√∫l√© ni f√≠√¨m√π kan t√≠ w√†√° fi p√†d√°n√π √¨d√°nil√©Ã£k√≤Ã£√≥Ã£ il√© r·∫π n√≠gb√† t√≥ o b√° ≈Ñ wo r·∫πÃÄ. ·π£√πgb·ªçÃÅn √≥ j·∫πÃÅ √¨w√°d√¨√≠ kan. nollywood n√≠ √†pap·ªçÃÄ k√≤ ·π£e i·π£·∫πÃÅ t√≥ d√°ra n√≠n√∫ s√≠s·ªç ohun t√≠ √≥ l√©wu √†ti ohun t√≥ ≈Ñ wu √†w·ªçn √®√®y√†n. √†w·ªçn √®n√¨y√†n mi n√≠ ab√∫l√© ·π£e √© l√°√¨·π£e √¨sap√°, √≥ s√¨ y·∫π f√∫n √¨y√¨n t√≥ p·ªçÃÄ.	positive
√åt√†n n√°√† k√≤ s√≠ ohun t√° a k√≤ t√≠√¨ r√≠ r√≠ r√≠, ·π£√πgb·ªçÃÅn √≥ s·ªç l√°ti oj√∫ √¨w√≤ye N√†√¨j√≠r√≠√†, √≥ j·∫πÃÅ ohun t√≥ ≈Ñ ·π£e √© l√≥Ã£n√† t√≥ ≈Ñ ·π£e √© l√≥Ã£n√† t√≥ ≈Ñ ·π£e √© l√≥Ã£n√† t√≥ ≈Ñ ·π£e √© l√≥Ã£n√† t√≥ ≈Ñ ·π£e √© l√≥Ã£n√† t√≥ ≈Ñ ·π£e √© l√≥Ã£n√† t√≥ ≈Ñ ·π£e √© l√≥Ã£n√† t√≥ ≈Ñ ·π£e √© l√≥Ã£n√† t√≥ ≈Ñ ·π£e √© l√≥Ã£n√† t√≥ ≈Ñ ·π£e √© l√≥Ã£n√† t√≥ ≈Ñ ·π£e √© l√≥Ã£n√† t√≥ ≈Ñ ·π£e √© l√≥Ã£n√† t√≥ ≈Ñ ·π£e √©, t√≥ s√¨ ≈Ñ ·π£e √© l√≥Ã£n√† t√≥ ≈Ñ ·π£e √© l√≥Ã£n√† t√≥ ≈Ñ ·π£e √© l√≥Ã£n√† t√≥ ≈Ñ ·π£e √© l√≥Ã£n√† t√≥ ≈Ñ ·π£e √© l√≥Ã£n√† t√≥ ≈Ñ ·π£e √©, √≥ s√¨ ≈Ñ ·π£e √© l√≥Ã£n√† t√≥ d√°ra gan - an t√° a b√° fi w√© √†w·ªçn m√≠√¨ t√≥ w√† n√≠j√† N√†√¨j√≠r√≠√†. . . . mo gb√°d√πn f√≠√¨m√π n√°√† gan - an, m√†√° s√¨ r√≤y√¨n ·ªçÃÅn p√© mo l√® ·π£e √© (l√° √†w·ªçn ·ªçm·ªç Naija mi!).	positive
·ªåÃÄr√∫nd√∫n og√∫n, √†w·ªçn √≤Ã£t·∫πÃÄm√∫y√©Ã£ t√≥ ≈Ñ lo o√≤g√πn ol√≥r√≥, √†w·ªçn ob√¨nrin d√∫d√∫ t√≥ r·∫πw√†... mo w√† n√≠ ·ªçÃÄrun	positive
√ì ·π£e√© ·π£e k√≥ j√©Ã£ p√© √≥ ≈Ñ ·π£e d√°ad√°a, √†m√≥Ã£ √≥ ≈Ñ ·π£e d√°ad√°a, √≥ s√¨ ≈Ñ ·π£e d√°ad√°a, √≥ s√¨ ≈Ñ gb√© √¨·π£√®Ã£l√®Ã£ t√≥ ·π£·∫πl√®Ã£ gan-an r√≥, √≥ s√¨ ≈Ñ s·ªç √¨t√†n t√≥ d√°a.	positive
√åd√°h√πn... ·∫πÃÄm√≠ √¨moore, mo n√≠ in√∫ d√≠d√πn s√≠ i, ·π£√πgb·ªçÃÅn √®mi ni Nelson Orah ·π£e oj√∫·π£e Ahmed, k√¨ √≠ ·π£e Umar.	positive
O f·∫πÃÅ wo f√≠√¨m√π y√¨√≠, f√≠√¨m√π y√¨√≠ d√πn gan-an, f√≠√¨m√π Nollywood t√≥ n√≠ √¨m·ªçn√∫j√©Ã£.	positive
mo l√°y·ªçÃÄ gan-an l·∫πÃÅy√¨n t√≠ mo ti wo f√≠√¨m√π n√°√†, ohun gbogbo w√† n√≠ p√†t√≥. mo n√≠ √¨farad√† gan-an n√≠pa √¨w√† rere √†w·ªçn t√≥ ≈Ñ ·π£e er√© n√°√† √†ti √†w·ªçn t√≥ ≈Ñ ·π£e er√© n√°√†. ol√πdar√≠ n√°√†, kem√≠ adetiba ·π£e i·π£·∫πÃÅ ≈Ñl√° kan, mo s√¨ ≈Ñ gb√≥r√≠y√¨n f√∫n un gan-an. mo ti ·π£eduro r·∫πÃÄ f√∫n ·ªçÃÄp·ªçÃÄ √®√®y√†n. mo ≈Ñ ret√≠ l√°ti wo i·π£·∫πÃÅ r·∫πÃÄ s√≠ i.	positive
Genevieve Nnaji t·∫π ·∫πs·∫πÃÄ r·∫πÃÄ n√≠ p√†«πt√≠r√≠ n√≠n√∫ panteoni ti √†w·ªçn ol√πdar√≠ gidi. O ko ni ibanuj·∫π p·∫πlu r·∫π d√©b·∫πÃÄr·∫πÃÄ, Lion Heart. O j·∫π ohun ti o gb·ªçd·ªç wo, bi o ti kede ibim·ªç ti a Nollywood kariaye.	positive
Nollywood n√≠ √¨pele t√≥ ga j√π l·ªç!!!! . . . f√≠√¨m√π y√¨√≠ s·ªç √¨t√†n n√≠pa √†·π£√†, √¨·π£√≤Ã£kan √†ti √¨d√≠l√©.	positive
√ì d√°ra gan-an, √≥ s√¨ m√≥Ã£gb√≥Ã£n d√°n√≠, √≥ fi h√†n p√© ewu t√≥ w√† n√≠n√∫ √†·π£√† √¨b√≠l√®Ã£ N√†√¨j√≠r√≠√† √†ti b√≠ √®y√≠ ·π£e l√® n√≠pa l√≥r√≠ √¨f√©Ã£ √†w·ªçn √≤Ã£d√≥Ã£.	positive
f√≠√¨m√π y√¨√≠ d√°ra gan-an n√≠n√∫ ir√∫ er√© y√¨√≠.	positive
Mo gb√°d√πn f√≠√¨m√π y√¨√≠ gan-an... mo y√†w√≤r√°n p√© mo ka √†w·ªçn √†b√° t√≠ k√≤ d√°ra n√≠pa f√≠√¨m√π y√¨√≠. ·π£√© a m·ªç ohun t√≥ d√°ra gan-an ni? f√≠√¨m√π y√¨√≠ d√°ra gan-an, √≥ d√πn gan-an. √†w·ªçn √®√®y√†n t√≥ n√≠ √¨r√≠s√≠ t√≥ d√°ra, √¨t√†n t√≥ ·π£e√© gb√°ra l√© √†ti √®y√≠ t√≥ ·π£e√© s√∫n m·ªçÃÅ. √†ti p√© √≥ d√°ra gan-an.	positive
Mo r√≠ f√≠√¨m√π n√°√† n√≠ Houston, Texas, f√≠√¨m√π y√¨√≠ y·∫π k√≠ √≥ gba √†m√¨ ·∫πÃÄy·∫π Oscar, √¨t√†n n√°√† d√°ra gan-an, √†w·ªçn √≤·π£√®r√© n√°√† s√¨ j·ªçj√∫ gan-an.	positive
·∫∏nik·∫πÃÅni t√≥ b√° n√≠f√®Ã£√©Ã£ i·π£√©Ã£ ·ªçn√†, t√≥ ti r√≠ ap√° k√¨√≠n√≠, y√≥√≤ m·ªçÃÄ p√© a ti k·ªç √¨t√†n n√°√† n√≠ √¨gb√† y·∫πn, √®y√≠ s√¨ t√∫n w√° di ohun t√≥ ≈Ñ t√®Ã£ l√© e.	positive
√Äb√°j√°de t√≥ d√°ra gan-an ni.	positive
√Äw·ªçn √®√®y√†n kan l√® m√° f√©Ã£ fiimu y√¨√≠ tor√≠ p√© w√≥Ã£n ti m·ªç √†w·ªçn f√≠√¨m√π t√≥ ≈Ñ s·ªç n√≠pa √¨f√©Ã£ t√†b√≠ √¨t√†n √¨y·ªçl√©Ã£nu t√†b√≠ n√≠tor√≠ p√© w·ªçn √≤ m·ªç b√≠ w√≥Ã£n ·π£e ≈Ñ gb√© n√≠n√∫ ·ªçk√≤Ã£.	positive
√ì n√≠ √†w·ªçn ohun t√≥ ≈Ñ m√∫ k√≠ √¨w√† √≤Ã£dar√†n bur√∫ j√°√¨, √≥ s√¨ n√≠ √†w·ªçn √¨t√†n √†t·∫πnud√©Ã£nu, f√≠√¨m√π t√≥ n√≠ √†w·ªçn √®√®y√†n t√≥ p√≤Ã£ gan-an ni, k√≤ s√¨ s√≠ √¨ran kan t√≥ ti b√≥Ã£ l√≥Ã£w√≥Ã£.	positive
O ·π£eun gan fun fiimu iyanu yii	positive
Mo gb√°d√πn w√≠wo √†w·ªçn ap√° t√≥ d√°ra gan-an n√≠ √¨l√∫ Lagos, l√≥r√≠l√®Ã£-√®d√® n√°√† √†ti l√≥r√≠ er√©k√π·π£√π n√°√†, t√≠ w√≥Ã£n l√≤, k√≤ d√† b√≠ √†w·ªçn f√≠√¨m√π m√¨√≠r√†n t√≠ w√≥Ã£n ≈Ñ gb√© n√≠ ibi kan n√°√†. Lagos j√©Ã£ ibi t√≥ d√°ra l√°ti ·π£e f√≠√¨m√π kan, p√†√°p√†√° t√≠ a b√° lo on√≠r√∫ur√∫ √¨p√≠nl√®Ã£ n√°√†, b√≠ a ti r√≠ i n√≠b√≠. √Äw·ªçn √¨·π£·∫πÃÄl·∫πÃÄ j√†«πb√° s√°b√† m√°a ≈Ñ ·π£√≤ro f√∫n Nollywood l√°ti ·π£e √†w√≤r√°n, √†m√≥Ã£ √≥ d√πn m√≠ l√°ti r√≠ √¨yanu t√≥ ·π£e√© gb√°ra l√© gan-an n√≠b√≠.	positive
Mo f·∫πÃÅr√†n gbogbo √¨·π£·∫πÃÅj√∫ t√≠ mo fi ≈Ñ ·π£e f√≠√¨m√π n√°√†, mo f·∫πÃÅ k√≠ √≥ m√°√† par√≠.	positive
Akinnuoye-Agbaje ·π£e √¨fil·ªçÃÄ √¨k·ªçÃÅk·ªçÃÅ √¨k·ªçÃÅk·ªçÃÅk·ªçÃÅ ni √≥ j·∫πÃÅ √¨t√†n t√≠ √≥ ≈Ñ ·π£eni l√°√†√°n√∫ n√≠pa b√≠ √†w·ªçn ol√πdar√≠ ·π£e ≈Ñ d√†gb√† t√≠ w·ªçÃÅn s√¨ ≈Ñ ·π£e b√≠i p√© √≥ ≈Ñ ·π£e ohun t√≥ ≈Ñ m√∫ k√≠ √†w·ªçn ·ªçm·ªç N√†√¨j√≠r√≠√† t√≥ ti d√†gb√† n√≠ UK m√°a r√°nt√≠ √¨t√†n √¨gb√©s√≠ ay√© w·ªçn - t√≥ n√≠ √†w·ªçn √¨s·ªçÃÄl·∫πÃÄ p√†t√†k√¨ √†ti √†w·ªçn √¨·π£·∫πÃÅl·∫πÃÄ t√≥ ≈Ñ fa √¨rora ·ªçk√†n - b√≥ til·∫πÃÄ j·∫πÃÅ p√© √¨gb√† m√≠√¨ w√† t√≠ √≥ m√°a ≈Ñ ·π£√≤ro f√∫n w·ªçn l√°ti r√≠ ohun t√≥ ≈Ñ m√∫ k√≠ √†w·ªçn √®√®y√†n m√°a ·π£e √†d√†k√†dek√® √†ti √¨m·ªçr√≠r√¨ √†w·ªçn √†k√≥k√≤ t√≠ w·ªçÃÅn ≈Ñ b√° √†w·ªçn √®√®y√†n p√†d√©. b√≠ √†w·ªçn √®√®y√†n ·π£e ≈Ñ ·π£e √¨fil·ªçÃÅ √†w·ªçn √®√®y√†n t√≥ j·∫πÃÅ ·∫πni t√≠ k√≤ ·π£e√© m·ªçÃÅ √†ti √†w·ªçn √®√®y√†n t√≥ ≈Ñ ·π£e √¨m√∫·π£·∫πÃÄl·∫πÃÄ w·ªçn n√¨kan l√≥ ≈Ñ m√∫ k√≠ w·ªçÃÅn r√≠ ohun t√≥ ≈Ñ ·π£e w·ªçÃÅn l√°ra. b√≠ √†w·ªçn √®√®y√†n ·π£e ≈Ñ ·π£e √¨m√∫·π£·∫πÃÄl·∫πÃÄ n√°√† n√≠ √≤Ã£n√† t√≥ ≈Ñ m√∫ k√≠ w·ªçÃÅn m√°a ·π£e √†d√†k√†dek√®, b√≥ til·∫πÃÄ j·∫πÃÅ p√© √≥ m√°a ≈Ñ ·π£e √†w·ªçn √®√®y√†n b√≠i m√©l√≤√≥ kan t√≥ ≈Ñ ·π£e √†d√†k√†dek√® √†ti √¨j√¨n√† t√≥ ≈Ñ ·π£e p√†t√†k√¨ j√π l·ªç, t√≠ w·ªçÃÅn s√¨ ≈Ñ ·π£e √¨j√¨n√† j·∫πÃÅ k√≠ w·ªçÃÅn m√°a ≈Ñ ·π£e √†d√†k·ªçÃÅn n√≠ √¨j√¨nn√† t√≥ t√≥ t√≥ t√≥ t√≥ t√≥bi t√≥bi t√≥bi t√≥ s√¨ m√°a ≈Ñ m√∫ k√≠ w·ªçÃÅp·ªçÃÄ.	positive
f√≠√¨m√π √†gb√†yanu ni √≥ y·∫π k√≠ o r√≠	positive
er√© t√≥ d√°ra. mo f·∫πÃÅr√†n er√© y√¨√≠ gan-an. gbogbo √†w·ªçn √®√®y√†n t√≥ w√† n√≠n√∫ r·∫πÃÄ d√°ra gan-an, mo s√¨ gb√°d√πn w√≠wo w·ªçn. mo n√≠r√®t√≠ p√© √†w·ªçn √¨gb√† m√≠√¨ √° ·π£√¨ w√†. mo ≈Ñ foj√∫ s√≥Ã£n√† f√∫n √¨gb√† t√≥ ≈Ñ b·ªçÃÄ!!!	positive
·π¢i·π£·∫π lati iwe af·ªçw·ªçk·ªç nipas·∫π onk·ªçwe Darci Picoult, Dosunmu ·π£e ap·∫πr·∫π itan ti o j·∫π otit·ªç, melodramatic ati a·π£a pato (a lo akoko pup·ªç ti n wo aw·ªçn a·π£·ªç ti o ni aw·ªçn aw·ªç bi a ·π£e n ·π£e ay·∫πy·∫π oju Gurira ti o ni as·ªçye lopin), ·π£ugb·ªçn kii ·π£e a·π£i·π£e archetypal.	positive
√Äw√≤r√°n t√≥ d√°ra gan-an!	positive
K√≤ s√≠ √≤Ã£r√≤Ã£ t√≥ l√® ·π£√†l√†y√© agb√°ra t√≠ f√≠√¨m√π y√¨√≠ n√≠ √†ti b√≠ √≥ ·π£e r√°nni l√©t√≠ b√≠ ay√≤Ã£ t√≥ p√≤Ã£ t√≥ p√© a √≤ t√≠√¨ gb√© ogun ab√©Ã£l√© kankan k·ªçj√°. √åt√†n √†r√† √≤Ã£t√≤Ã£ t√≥ s·ªç √¨t√†n t√≥ ·π£eni l√°√†√°n√∫ √†ti √≤Ã£r√†n √†gb√°y√© n√≠ N√†√¨j√≠r√≠√† √†ti ti √®Ã£d√° √®√®y√†n t√≥ w√† n√≠n√∫ r√®Ã£.	positive
√ì d√°ra gan-an	positive
√åtum√≤Ã£ t√≥ b√≥Ã£gb√≥Ã£n mu n√≠pa √†w·ªçn Igbo. . . . ·ªçk√†n k√¨nn√¨√∫n ·π£√†p·∫π·∫πr·∫π ohun t√≠ k√©√®y√†n j√©Ã£ Igbo n√≠ ti gidi - √¨y·∫πn √®t√≤ √¨gb√©s√≠ ay√© t√≥ ≈Ñ ·π£i·π£√©Ã£ k√°ra t√≥ s√¨ ≈Ñ gb√© n√≠ √†gb√®gb√® kan.	positive
Mo r√≠ i p√© √†w·ªçn n«πkan kan k√≤ t√≥ n«πkan f√∫n mi, √†m√≥Ã£ n√≠ gbogbo √¨gb√†, mo gb√°d√πn r√®Ã£ gan-an.	positive
B√≥ til·∫πÃÄ j·∫πÃÅ p√© √†w·ªçn t√≥ ≈Ñ ·π£e f√≠√¨m√π y√¨√≠ ≈Ñ fi √¨s·ªçf√∫nni h√†n n√≠pa ohun t√≥ ≈Ñ ·π£·∫πl√®Ã£ n√≠n√∫ sinim√°, √†w·ªçn t√≥ ≈Ñ ·π£e f√≠√¨m√π n√°√† k√¨ √≠ fi √¨s·ªçf√∫nni h√†n n√≠pa ohun t√≥ ti ·π£·∫πl·∫πÃÄ k·ªçj√°.	positive
Orinrinrinrinrinrinrinrinrinrinrinrinrinrinrinrinrinrinrinrinrinrinrinrinrinrinrinrinrinrinrinrinrinrinrinrinrinrinrinrinrinrinrinrinrinrinrinrinrinrinrinrinrinrinrinrinrinrinrinrinrinrinrinrinrinrinrinrinrinrinrinrinrinrinrinrinrinrinrinrinrinrinrinrinrinrinrinrinrinrinrinrinrinrinrinrinrinrinrinrinrinrinrinrinrinrinrinrinrinrinrinrinrinrinrinrinrinrinrinrinrinrinrinrinrinrinrinrinrinrinrinrinrinrinrinrinrinrinrinrinrinrinrinrinrinrinrinrinrinrinrinrinrinrinrinrinrinrinrinrinrinrinrinrinrinrinrinrinrinrinrinrinrinrinrinrinrinrinrinrinrinrinrinrinrinrinrinrinrinrinrinrinrinrinrinrinrinrinrinrinrinrinrinrinrinrinrinrinrinrinrinrinrinrinrinrinrinrinrinrinrinrinrinrinrinrinrinrinrinrinrinrinrinrinrinrinrinrinrinrinrinrinrinrinrinrinrinrinrinrinrinrinrinrinrinrinrinrinrinrinrinrinrinrinrinrinrinrinrinrinrinrinrinrinrinrinrinrinrinrinrinrinrinrinrinrinrinrinrinrinrinrinrinrinrinrinrinrinrinrinrinrinrinrinrinrinrinrinrinrinrinrinrinrinrinrinrinrinrinrinrinrinrinrinrinrinrinrinrinrinrinrinrinrinrinrinrinrinrinrinrinrinrinrinrinrinrinrinrinrinrinrinrinrinrinrinrinrinrinrinrinrinrinrinrinrinrinrinrinrinrinrinrinrinrinrinrinrinrinrinrinrinrinrinrinrinrinrinrinrinrinrinrinrinrinrinrin	positive
√ì d√°ra gan-an f√≠√¨m√π y√¨√≠!!. √ì d√°j√∫ p√© √®y√≠ ni f√≠√¨m√π t√≥ d√°ra j√π l·ªç t√≠ w·ªçÃÅn ti ·π£e l√°ti n√≠ N√†√¨j√≠r√≠√†, l√°√¨ka s√≠ p√© √≥ m√°a ≈Ñ ·π£e √© l√©Ã£nu!	positive
√Äw·ªçn Ob√¨nrin √Åf√≠r√≠k√† T√≥ D√°ra J√π	positive
Mi √≤ m·ªçÃÄ l√≥r√≠ ohun t√≠ √†w·ªçn √®√®y√†n fi ≈Ñ ·π£e f√≠√¨m√π y√¨√≠, t√≠ w·ªçÃÅn fi ≈Ñ ·π£e √© n√≠w√≤Ã£nba, √†m√≥Ã£ n√≠gb√†gb√≥Ã£ n√≠n√∫ mi p√©, l√©Ã£y√¨n √†k√≥k√≤ g√≠g√πn, mo ti wo f√≠√¨m√π t√≥ d√°ra, t√≥ d√πn √∫n w√≤, t√≥ m√≥Ã£ t√≥n√≠t√≥n√≠, t√≥ s√¨ s√†n ju ti Bollywood l·ªç.	positive
√Äw√≤r√°n t√≥ w√† n√≠n√∫ f√≠√¨m√π y√¨√≠ d√°ra gan-an, ol√πdar√≠ n√°√† s√¨ ·π£e i·π£√©Ã£ t√≥ d√°ra gan-an.	positive
√ì d√° mi l√≥j√∫ p√© √≤Ã£r√≤Ã£ n√°√† m√°a ≈Ñ d√πn m√≠ gan-an, √≥ s√¨ m√°a ≈Ñ d√πn m√≠ gan-an p√© mo m√°a ≈Ñ r√≠ √†w·ªçn √¨s·ªçf√∫nni t√≥ ·π£e p√†t√†k√¨ n√≠n√∫ √¨t√†n n√°√†.	positive
√Ät√∫n·π£e p√†t√†k√¨ kan l√°ti m√∫ √¨s·ªçf√∫nni wa pad√† b√≤Ã£ s√≠p√≤. . . . f√≠√¨m√π y√¨√≠ ti fi ap√° kan t√≥ jinl√®Ã£ h√†n n√≠n√∫ √¨j√† √†w·ªçn √®√®y√†n t√° a s√°b√† m√°a ≈Ñ ·π£√†√¨ka s√≠. √ì r·ªçr√πn l√°ti r√≠ ·∫πni t√≥ m√°a d√°j√≥Ã£, √†m√≥Ã£ n√≠gb√† t√≠ w√≥Ã£n b√° s·ªç ir√∫ √†w·ªçn √¨t√†n b√©Ã£√®Ã£, o b√®Ã£r√®Ã£ s√≠ wo gbogbo √®√®y√†n l√≥Ã£n√† t√≥ y√†t√≤Ã£. √åpar√≠ r√®Ã£, b√≥ til√®Ã£ j√©Ã£ p√© k√≤ fara r·ªç, m√°a ≈Ñ m√∫ k√≥ o w√† n√≠n√∫ ip√≤ t√≠ k√≤ ·π£e√© ron√∫ l√©, √≥ s√¨ m√°a ≈Ñ m√∫ k√≥ o m√°a ron√∫ l√≥r√≠ ohun t√≥ o ti r√≠ l√°√¨p√©Ã£.	positive
√Äw√≤r√°n!!! üî•üî•üî•. . √Än√≠ s√©Ã£, f√≠√¨m√π ar√° √Åf√≠r√≠k√† ·ªçd√∫n y√¨√≠, mo gb√°d√πn gbogbo √¨·π£√©Ã£j√∫ t√≠ mo fi ≈Ñ ·π£e √†w·ªçn √†p√©j·ªç n√°√† n√≠ w√°k√†t√≠ m√©j√¨ √†√†b√≤Ã£.	positive
√åt√†n kan t√≠ k√¨ √≠ s√°b√† r√≠ l√°ra √†w·ªçn ohun t√≥ ≈Ñ ·π£e √¨d√≠l√© l√°√¨s√≠ p√© √®√®y√†n m·ªç ohun t√≥ ≈Ñ ·π£e √¨d√≠l√©.	positive
N√≠k·∫πy√¨n, f√≠√¨m√π ≈Ñl√° kan n√≠ N√†√¨j√≠r√≠√†. f√∫n ·ªçd√∫n m√©l√≤√≥ kan ni mo ti ≈Ñ ret√≠ p√© k√≠ N√†√¨j√≠r√≠√† ·π£e f√≠√¨m√π ≈Ñl√° kan, √®y√≠ s√¨ ni ibi t√≠ √†w·ªçn ar√°k√πnrin Esiri ti w√°.	positive
K√° s√≤√≥t√≥Ã£, f√≠√¨m√π y√¨√≠ d√°ra gan-an, √≥ s√¨ t√∫n d√°ra gan-an, √≥ s√¨ t√∫n ≈Ñ m√∫ k√≠ er√© n√°√† m√°a l·ªç s√≥k√®.	positive
O le j·∫π ki o wa ni o ni 5 i·π£·∫πju akoko ninu yi fiimu p·∫πlu ko si nkankan lati r·∫πrin, laughing tabi r·∫πrin nipa. Mo ro pe ko si Nigerian fiimu ti o ti bori yi ni aw·ªçn oniwe-ara (Fictional Comedy). aw·ªçn movie ipa ti wa ni bi daradara commendable.	positive
√ì d√°ra, f√≠√¨m√π on√≠w√†kiw√† t√≥ ≈Ñ gb√© n√≠ Nollywood.	positive
√ì d√°ra gan-an l√°ti fi sinim√° er√© √¨je. . . ohun kan ·π£o·π£o t√≠ mi √≤ f√©Ã£r√†n n√≠pa f√≠√¨m√π y√¨√≠ ni b√≠ k√≤ ·π£e s√≠ √¨j√πm√≤Ã£s√≤Ã£r√≤Ã£ l√°√†√°r√≠n √†w·ªçn ar√° N√†√¨j√≠r√≠√† t√†b√≠ √†w·ªçn ar√° √ç≈Ñd√≠√†. . . . f√≠√¨m√π on√≠f√®Ã£√©Ã£ t√≥ d√°ra gan-an.	positive
√åt√†n n√°√† b√®Ã£r√®Ã£ d√≠·∫πÃÄ d√≠·∫πÃÄ, √†m√≥Ã£ ·∫π pa √° m√≥Ã£.	positive
·ªåba Aw·ªçn ·ªçm·ªçkunrin ... jara yii j·∫π iyanu patapata, lati oju opo si aw·ªçn o·π£ere, aw·ªçn a·π£·ªç ati aw·ªçn ·∫πdun ti protagonist ·π£e apejuwe. Mo ni idaniloju pe mo j·∫π ·ªçm·ªç Naijiria ni akoko yii.	positive
O y·∫π ki gbogbo eniyan rii... Namaste wahala j·∫π i·π£·∫π-·π£i·π£e ati ni ifowosi a ·π£e idapo laarin aw·ªçn a·π£a. Igb·∫π·π£ep·ªç Bollywood yii ni ohun gbogbo ninu fiimu if·∫π ti o dara y·∫π ki o ni, aw·ªçn o·π£ere India ti o dara jul·ªç ati ·π£e aw·ªçn ipa w·ªçn ni pipe.	positive
√≥ m√°a ≈Ñ d√πn m√≠ gan - an, √≥ m√°a ≈Ñ d√πn m√≠ gan - an, √≥ s√¨ m√°a ≈Ñ d√πn m√≠ gan - an. mo l√® m√°a wo er√© n√°√† l√°t√¨gb√†d√©gb√†, √≥ w√π m√≠ k√≠ √≥ m√°a j√°de n√≠ ·ªçÃÄp·ªçÃÄ √¨gb√† l√≥Ã£s·∫πÃÄ, √†m·ªçÃÅ ·π£√° o, √≥ t√∫n m√°a ≈Ñ d√πn m√≠ gan - an. ·ªçÃÄp·ªçÃÄ er√© √¨n√†j√∫ l√≥ m√°a ≈Ñ j√°de b√≠ √¨w√© t√≠ w√≥Ã£n k·ªç, √†m√≥Ã£ k√¨ √≠ ·π£e √®y√≠ t√≥ w√† n√≠n√∫ r·∫πÃÄ.	positive
N√≠ or√≠ √¨l√† Nollywood, mo f√∫n f√≠√¨m√π y√¨√≠ n√≠ √¨l√† 9 n√≠tor√≠ √¨t√†n t√≥ ·π£√†r√† √≤Ã£t√≤Ã£ √†ti √¨·π£·∫πÃÄl·∫πÃÄ t√≥ d√°ra t√≥ m√∫ k√≥ y√†t·ªçÃÄ s√≠ √†w·ªçn f√≠√¨m√π N√†√¨j√≠r√≠√† y√≤√≥k√π.	positive
√Äk·ªçl√© t√≥ d√°ra, f√≠√¨m√π t√≥ d√°ra, √¨t√†n t√≥ d√°a gan-an ni.	positive
√íÃ£r√≤Ã£ √≤ y√© mi. . . . f√≠√¨m√π y√¨√≠ m√∫ k√≠ n n√≠ √†w·ªçn √¨·π£√≤ro t√≥ ≈Ñ m√∫ k√≠ n m√°a ron√∫ jinl√®Ã£, √®y√≠ s√¨ m√∫ k√≠ n r√≠ i p√© ·ªål√≥Ã£run l√≥ y·∫π k√≥ b√π k√∫n √†w·ªçn t√≥ ≈Ñ k·ªç √¨w√© n√°√†, √†w·ªçn t√≥ ≈Ñ ·π£e √© √†t√†w·ªçn t√≥ ≈Ñ ·π£e √©.	positive
Mo gb√°d√πn √†j·ªç·π£e t√≠ a d√° l√°√†√°r√≠n ·ªåÃÄgb√©Ã£ni Tayo (Bimbo Manuel) √†ti Ejiro (RMD),	positive
Ohun kan t√≥ w√π m√≠ n√≠pa f√≠√¨m√π y√¨√≠ ni b√≠ w√≥Ã£n ·π£e s·ªç √¨t√†n n√°√† √†ti b√≠ √†w·ªçn √≤«πk√≤Ã£w√© ·π£e t√∫m√≤Ã£ r√®Ã£.	positive
Best Christian Movie!!! . . . Mo f·∫πÃÅr√†n f√≠√¨m√π y√¨√≠! √≥ ·π£e d√°ad√°a gan-an - er√© n√°√† d√°ra gan-an, √¨t√†n n√°√† s√¨ ≈Ñ tuni l√°ra. ·∫πÃÄm√≠ √¨moore f√∫n gbogbo √†w·ªçn t√≥ ≈Ñ ·π£e er√© n√°√† √†ti √†w·ªçn t√≥ ≈Ñ ·π£e er√© n√°√†! √≥ d√°j√∫ p√© √≥ y·∫π k√≠ ·∫π m√°a wo √≥! . . . ·∫πÃÄyin y√≥√≤ n√≠l√≤ a·π£·ªç.	positive
Mo n√≠f·∫πÃÄ·∫πÃÅ sinim√° n√°√†, √†w·ªçn on√≠·π£er√©, ol√πdar√≠ √†t√†w·ªçn m√≠√¨, gbogbo √®√®y√†n l√≥ ·π£e √© d√°ad√°a gan-an n√≠tor√≠ p√© w√≥Ã£n n√≠ ·ªçÃÄn√† t√≥ d√°ra l√°ti ·π£e er√©. . . . ·∫πnik√©Ã£ni t√≥ b√° r√≠ i p√© k√≤ d√°a k√≤ m·ªç sinim√° t√≥ d√°ra, √≥ s√¨ ·π£e√© ·π£e k√≥ m√°√† l√® b√° √†w·ªçn √†·π£√† √¨b√≠l√®Ã£ wa l√≤.	positive
√ì d√°ra gan-an, f√≠√¨m√π n√°√† d√°ra gan-an, √†w·ªçn √®√®y√†n t√≥ r·∫πw√† l√≥ s√¨ ≈Ñ ·π£e √©.	positive
√ì d√°ra l√°ti ·π£e er√©, √≥ d√°ra l√°ti ·π£e √†b√°y·ªç, k√≤ d√°ra l√°ti s·ªç √¨t√†n.	positive
√ì m√°a ≈Ñ wu √®mi n√°√† gan-an l√°ti m·ªç b√≠ √¨gb√©s√≠ ay√© Ishi ·π£e r√≠, tor√≠ p√© √®y√≠ m√°a ≈Ñ j√©Ã£ k√≠ √≤Ã£p√≤Ã£ √†w·ªçn t√≥ ≈Ñ f√©Ã£ra w·ªçn l√≥Ã£k·ªç m√°a r√≠ oj√∫ rere.	positive
Gabriel Afolayan w√† n√≠ k√≠l√°√†s√¨ ara r√®Ã£ g√©Ã£g√©Ã£ b√≠ √≤·π£√®r√©; √≥ m√°a ≈Ñ l√≥ye i·π£√©Ã£ n√°√†.	positive
K√≤ bur√∫ b√≠i ti mo s·ªç.	positive
f√≠√¨m√π ≈Ñl√° √†ti √¨gb√©s·∫πÃÄ ≈Ñl√°... √¨t√†n ≈Ñl√°, √¨·π£√®Ã£d√° ≈Ñl√° √†ti er√© √¨d√°ray√° ≈Ñl√°, gbogbo √®y√≠ n√≠ √¨sop√≤Ã£ n√≠n√∫ f√≠√¨m√π kan. f√≠√¨m√π √†gb√†yanu √†ti √†w·ªçn t√≥ ≈Ñ ·π£e er√© n√°√†.	positive
√Äk·ªçl√© t√≥ d√°ra, t√≥ s√¨ n√≠ √¨m√≠s√≠ t√≥ d√°ra, t√≥ ≈Ñ sap√° l√°ti m√∫ k√≠ ohun t√≠ w√≥Ã£n ≈Ñ b√©√®r√® n√≠n√∫ er√© orin t√≥ ≈Ñ gb√©ni r√≥ b√° ohun t√≥ ≈Ñ gb√©ni r√≥ n√≠n√∫ √¨t√†n mu.	positive
√ì d√°ra gan-an... n√≠gb√† t√≠ mo k√≥Ã£k√≥Ã£ r√≠ f√≠√¨m√π y√¨√≠, in√∫ mi d√πn gan-an. Mi √≤ f√©Ã£ k√≠ √®y√≠ m√°a d√† b√≠ √†j√®j√¨, √†m√≥Ã£ mo gb√¨y√†nj√∫ l√°ti k√©Ã£k√≤Ã£√≥Ã£ n√≠pa ay√© y√¨√≠.	positive
√≥ m√°a ≈Ñ ·π£e m√≠ b√≠i p√© mi √≤ m·ªç ohun t√≥ ≈Ñ ·π£·∫πl·∫πÃÄ, √†m·ªçÃÅ mo m√°a ≈Ñ s·ªç p√© √¨t√†n t√≥ ≈Ñ s·ªçni di √≤m√πg√≤Ã£ ni. o l√® s·ªç p√© ow√≥ t√≥ ≈Ñ w·ªçl√© f√∫n un k√≤ t√≥ n«πkan, √†m·ªçÃÅ √¨tum√≤Ã£ √†ti er√© or√≠ √¨t√†g√© r·∫πÃÄ d√°ra gan-an! k√≤ s√≠ ohun t√≥ ≈Ñ ·π£e √†w·ªçn er√© √¨j√† n√°√†. √≥ y·∫π k√≠ o wo ohun t√≥ ≈Ñ ·π£·∫πl√®Ã£.	positive
√åt√†n √¨d√≠l√© √†ti ogun t√≥ ≈Ñ k√≥ni n√≠r√¨√≠ra. . . . mo r√≤Ã£ √©Ã£ p√© k√≥ o m√°a wo f√≠√¨m√π y√¨√≠ l√°√¨f√≤Ã£r√≤Ã£ s√°b√©Ã£ ah√≥Ã£n.	positive
W√†y√≠ o... f√≠√¨m√π y√¨√≠ m√∫ k√≠ n y√≠ √†j·ªç·π£e mi pa d√† s√≠ rere. √ì d√°ra gan-an. F√≠√¨m√π n√°√† b√®Ã£r√®Ã£ d√≠·∫πÃÄd√≠·∫πÃÄ, √†m√≥Ã£ √≥ d√°j√∫ p√© √≥ m√∫ k√≠ n n√≠f√®Ã£√©Ã£ s√≠ i. √Äw·ªçn √†b√°j√°de t√≥ ≈Ñ m√∫ k√≠ √¨par√≠ n√°√† t√∫b√≤Ã£ l√°gb√°ra s√≠ i n√≠tor√≠ p√© gbogbo n«πkan j·ªçra.	positive
√Äw·ªçn √®√®y√†n √≤ n√≠ m·ªçÃÄ o, b√≠ w·ªçn √≤ b√° ti√®Ã£ gb√¨y√†nj√∫... f√≠√¨m√π y√¨√≠ ≈Ñ b√≥j√∫ t√≥ √≤Ã£p√≤Ã£ √¨·π£√≤ro, t√≠t√≠ kan √®y√≠ t√≥ t√≥bi j√π l·ªç n√≠n√∫ w·ªçn.	positive
N√≠pas√®Ã£ √®t√≤ √¨fih√†n, Eyimofe (t√≠ a t√∫ s√≠ This is My Desire) ≈Ñ p√®s√® √†w√≤r√°n t√≠ k√≤ l√® k·ªçj√° √†s√¨k√≤, t√≠ √≥ j√©Ã£ ti gbogbo √®n√¨y√†n n√≠pa agb√°ra gb√≠gb√≥n√° t√°w·ªçn √®√®y√†n n√≠, n√≠gb√† t√≥ s√¨ ≈Ñ d√° Arie √†ti Chuko s√≠l·∫πÃÄ g·∫πÃÅg·∫πÃÅ b√≠ √†fik√∫n tuntun t√≥ d√°ra s√≠ √†w·ªçn t√≥ ≈Ñ ·π£e sinim√°.	positive
√≥ ·π£e√© ·π£e k√≥ m√°√† j·∫πÃÅ p√© √≤Ã£kan l√°ra √†w·ªçn i·π£·∫πÃÅ t√≥ d√°ra j√π l·ªç t√≠ tade ogidan ·π£e ni √®re n√°√†, √†m·ªçÃÅ √≥ w√† n√≠ ip√≤ g√≠ga n√≠ √≤k√® y·∫πn	positive
√ì d√°ra gan-an, √≥ d√°ra gan-an, √≥ y·∫π k√≠ a wo r√®√©, m√†√° s√¨ r√≤Ã£ √©Ã£ p√© k√≥ o w√≤ √≥.	positive
√ì gb√°d√πn k√≠ n wo √®y√≠. . . . √íÃ£r√≤Ã£ t√≥ fani m√≥Ã£ra gan-an ni √¨w√© The Delivery Boy, √≥ s√¨ d√°ra gan-an, √≥ s√¨ s·ªç √≥Ã£ l√≥Ã£n√† t√≥ fani m√≥Ã£ra.	positive
O y·∫π ki o ni aw·ªçn akoko 5 ti ifihan yii!!!!. . . . ifihan yii j·∫π igbadun ati igbadun. Ti o ba j·∫π pe ipo gidi ni i·π£oro p·∫πlu r·∫π. Yi oruk·ªç naa pada tabi ·π£afikun, abeg. ·∫∏ya nla !!! Iwe nla !!! Aw·ªçn aworan nla. :)	positive
√ì d√°ra gan-an p√© k√≠ n m√°a ·π£e er√© n√°√† g√©Ã£g√©Ã£ b√≠ ·ªçm·ªç il√© √®Ã£k√≥Ã£ √¨·π£√®g√πn, mo s√¨ m√°a ≈Ñ fi √¨tara b√° √†w·ªçn t√≥ ≈Ñ ·π£e er√© n√°√† l√≤.	positive
√Äw·ªçn f√≠√¨m√π t√≠ w√≥Ã£n ·π£e y√¨√≠ ti ≈Ñ m√∫ k√≠ f√≠√¨m√π √Åf√≠s√≠k√† r√≠ oj√∫l√≥w√≥ √¨y√≠pad√† t√≥ y·∫π.	positive
√å·π£e orin t√≥ ≈Ñ gb√°d√πn m√≥Ã£ni t√≥ n√≠ √†w·ªçn ohun t√≥ ≈Ñ gb√©ni r√≥ n√≠n√∫ n√≠n√∫ orin jazz √†ti pop √†ti ohun t√≥ ≈Ñ m√∫ni l√°y√≤Ã£	positive
√åpad√†b√®Ã£r√®Ã£ ·ªçba y√¨√≠ j√©Ã£ √≤go.	positive
I·π£√©Ã£ ≈Ñl√° ni o ·π£e!!	positive
√åt√†n t√≥ d√°≈Ñg√°j√≠√°, t√≥ s√¨ j√©Ã£ ti ara ·∫πni gan-an ni w√≥Ã£n s·ªç n√≠pa f√≠fi √¨·π£er√© t√≥ d√°ra h√†n	positive
O j·∫π ·ªçkan ninu aw·ªçn fiimu ti o dara jul·ªç ti Naijiria ti ·ªçdun 2017. Isoken j·∫π fiimu nla ti o ·π£e afihan a·π£a agbegbe ti oril·∫π-ede naa. I·π£eto, gbigbe, aw·ªçn aw·ªç ati a·π£·ªç s·ªç pup·ªç ti a·π£a naa daradara. Fiimu naa ni imukuro ti o dara jul·ªç ti ·∫πrin ati i·π£e nla ..	positive
√ì d√°ra gan-an l√°ti wo f√≠√¨m√π y√¨√≠, √≥ s√¨ d√πn m√≥Ã£ mi gan-an p√© w√≥Ã£n ≈Ñ gb√© √®d√® Igbo l√°rug·∫π!	positive
"√Äw·ªçn ohun t√≥ ≈Ñ m√∫ k√≠ w√≥Ã£n m√°a gb√© or√≠ f√≥√≤n√π, √†w·ªçn √†w√≤r√°n t√≥ ≈Ñ m√∫ni s√∫n m√≥Ã£l√©, √†w·ªçn √†pap√≤Ã£ ohun t√≥ ≈Ñ m√∫ni l√≥Ã£k√†n s√≥k√® √†ti √†k·ªçs√≠l√®Ã£ t√≥ ≈Ñ f√∫n √¨t√†n kan t√≥ m·ªçni n√≠ √®Ã£m√≠ t√≥ n√≠ √≠ ·π£e p√®Ã£l√∫ √Åf√≠r√≠k√† n√≠w√† t√≥ d√°a, m√∫ k√≠ ""√íl√≤t≈´r√©"" j√©Ã£ ohun t√≥ ≈Ñ m√∫ni l√°y√† j·∫π, k√¨ √≠ ·π£e p√© w√†√° m√°a fara da r√®Ã£ n√¨kan, √†m√≥Ã£ w√†√° t√∫n m√°a ·π£e in√∫ r·∫π d√πn, w√†√° s√¨ m√°a gb√© e m√≥Ã£ra."	positive
O y·∫π ki o wo eyi!!!!! . . . O y·∫π ki o wo!!! Mo nif·∫π si aw·ªçn eniyan Igbim·ªç Ni gbolohun ·ªçr·ªç ohun gbogbo	positive
f√≠√¨m√π t√≥ d√°ra gan - an	positive
Mo n√≠ ·ªçm·ªç kan...	positive
·ªåÃÄr·ªçÃÄ t√≥ d√°ra gan - an ni Kemi Adetiba ·π£e, √¨t√†n n√°√† w√† n√≠ √†k·ªçl√© t√≥ d√°ra, √†w√≤r√°n t√≥ d√°ra, gbogbo √†w·ªçn ak·∫πÃÅk·ªçÃÄ·ªçÃÅ l√≥ ·π£e i·π£·∫πÃÅ t√≥ d√°ra gan - an.	positive
F√¨l√≠√¨m√π t√≥ l√°gb√°ra kan t√≠ a ti gb√†gb√© p√°t√°p√°t√° n√≠n√∫ √¨t√†n; k√¨ √≠ ·π£e f√∫n √†w·ªçn t√≥ n√≠ √¨d√†√†m√∫ ·ªçk√†n.	positive
√ì d√°ra gan - an l√°ti fi sinim√° - ·π£e er√© √¨n√†j√∫ √†ti k√≠k√≥Ã£ni	positive
er√© t√≥ ≈Ñ gb√©ni r√≥ t√≥ s√¨ ≈Ñ gb√©ni r√≥, ir√∫ ·∫πni t√≠ mo j√©Ã£ gan - an	positive
Oj√∫ ·∫πÃÄ r√≠ √¨t√†n y√¨√≠, oj√∫ ·∫πÃÄ r√≠ √¨t√†n y√¨√≠, oj√∫ ·∫πÃÄ r√≠ √¨t√†n y√¨√≠, oj√∫ ·∫πÃÄ r√≠ √¨t√†n ·ªçÃÄp·ªçÃÄ √¨t√†n n√≠pa √†w·ªçn √≤Ã£dar√†n n√≠ gbogbo √†gb√®gb√® √Åf√≠r√≠k√† √†ti n√≠ gbogbo √¨gb√†. in√∫ mi d√πn gan-an p√© Brotha wa s·ªç √¨t√†n r·∫πÃÄ f√∫n mi, √≥ s√¨ n√≠ l√°ti k·ªç, ·π£e √†b√°y·ªç, k√≥ o s√¨ ·π£e √†b√°y·ªç. Damson oj√∫ ·∫πÃÄ r√≠ √¨t√†n y√¨√≠, er√© t√≥ ≈Ñ ·π£e k√¨ √≠ ·π£e ohun t√≥ y·∫π k√©√®y√†n ·π£e.	positive
√ì w√∫ni l√≥r√≠ gan-an, √≥ s√¨ m√°a ≈Ñ d√πn m√≠ gan-an b√≠ w√≥Ã£n ·π£e ≈Ñ ·π£√†p√®j√∫we √†·π£√† √¨b√≠l√®Ã£ m√©j√®√®j√¨.	positive
√ì d√°ra gan-an l√°ti fi h√†n p√© √≥ ·π£e√© ·π£e f√∫n wa l√°ti r√≠ i p√© √≤Ã£r√≤Ã£ n√°√† ≈Ñ l·ªç l√≥Ã£n√† t√≥ d√°ra gan-an. . . . f√≠√¨m√π y√¨√≠ j√©Ã£ √¨s·ªçf√∫nni t√≥ fani m√≥Ã£ra n√≠pa b√≠ √≤Ã£kan l√°ra √†w·ªçn ol√πk√≥Ã£ ·π£e h√πw√† ip√° s√≠ ·ªçm·ªç il√© √®Ã£k√≥Ã£ girama kan.	positive
√≥ m√† d√πn o, mo r√≠ √†w·ªçn √®√®y√†n t√≥ m√∫ k√≠ n t√∫n wo √†w·ªçn f√≠√¨m√π nollywood. √≥ m√† d√πn o, √≥ s√¨ m√† d√πn o.	positive
√Äw·ªçn er√© or√≠ √¨t√†g√© t√≥ d√°ra gan-an l√°ti N√†√¨j√≠r√≠√†... mo f·∫πÃÅr√†n er√© or√≠ √¨t√†g√© y√¨√≠. √†w·ªçn √†y√≠k√° t√≥ d√°ra gan-an. √†w·ªçn √®√®y√†n ≈Ñ ·π£e er√© or√≠ √¨t√†g√© t√≥ d√°ra gan-an. gbogbo √†w·ªçn √†w√†d√† n√°√† s√¨ ·π£e kedere. √≥ t√∫n j·∫πÃÅ √¨k·ªçÃÅnil√©Ã£k√≤Ã£√≥Ã£.	positive
O ti wa ni o t·ªç akoonu. . aw·ªçn ede ni Street, aw·ªçn o·π£ere ti o ti iraw·ªç, sinima ati editing ni o wa ni aaye. o tun ni a nla ipese. o dara ju gbogbo o fi Ajegunle lori maapu.	positive
√Är√πn √†√†r√πn tuntun t√≥ l√® t√∫n ·π£·∫πl·∫πÃÄ! . . . . f√≠√¨m√π t√≥ fani m·ªçÃÅra gan-an ni, √≥ s√¨ s·ªç ohun t√≥ ·π£·∫πl·∫πÃÄ l√≥√≤√≥t·ªçÃÅ. √ì s√†n ju f√≠√¨m√π n√°√† Contagion n√≠n√∫ √¨w√© mi l·ªç. √ì ti s√∫n m√≥Ã£l√© gan-an f√∫n mi. √ì j·∫πÃÅ √≤Ã£kan l√°ra √†√¨s√†n √†√†r√πn t√≥ bur√∫ j√°√¨ √†k·ªçÃÅk·ªçÃÅ l√°y√© mi. Mo f·∫πÃÅ r√† f√≠√¨m√π y√¨√≠ l√≥r√≠ DVD gan-an, mo s√¨ ti l·ªç wo √≥ n√≠ AM·∫∏RIKA ·π£√πgb·ªçÃÅn k√≤ s√≠ √†«πf√†√†n√≠ kankan. ·∫∏n√¨ kankan l√® s·ªç f√∫n mi b√≠? O ·π£e k√∫	positive
b√°wo ni f√≠√¨m√π kan t√≥ n√≠ ir√∫ √†w·ªçn n«πkan y√¨√≠ ·π£e l√® di √®y√≠ t√≥ ≈Ñ p·∫πÃÅ t√≥ s√¨ ≈Ñ d√† b√≠i p√© √≥ ≈Ñ d√†√†m√∫? ibo ni k√°nj√∫k√°nj√∫ w√†? ibo ni √¨nira √†ti √¨nira w√†? b√≠ mo ·π£e ≈Ñ ·π£e √†t√∫n·π£e √†ti √¨s·ªçf√∫nni t√≥ ≈Ñ gb√© mi l·ªç ti m√∫ mi l·ªçÃÅn√† √†r√† √≤Ã£t√≤Ã£, k√≤ s√¨ s√≠ b√≠ n«πkan y√¨√≠ ·π£e m√°a g√πn t√≥ w√°k√†t√≠ m√©j√¨ √†√†b√≤Ã£. √≥ s√¨ m√† d√πn m√≥Ã£ o o o o o o o o o o o o o o o o o o o o o o o o o o o o o o o o o o o o o o o o o o o o o o o o o o o o o o o o o o o o o o o o o o o o o o o o o o o o o o o o o o o o o o o o o o o o o o o o o o o o o o o o o o o o o o o o o o o o o o o o o o o o o o o o o o o o o o o o o o o o o o o o o o o o o o o o o o o o o o o o o o o o o o o o o o o o o o o o o o o o o o o o o o o o o o o o o o o o o o o o o o o o o o o o o o o o o o o o o o o o o o o o o o o o o o o o o o o o o o o o o o o o o o o o o o o o o o o o o o o o o o o o o o o o o o o o o o o o o o o o o o o o o o o o o o o	positive
·ªåÃÄk√†n-√Äw·ªçÃÄ ·ªåÃÄd·ªçÃÅ j·∫πÃÅ f√≠√¨m√π t√≥ d√°ra gan-anüëè . . . f√≠√¨m√π y√¨√≠ ni f√≠√¨m√π Nollywood t√≥ d√°ra j√π l·ªç t√≠ mo ti r√≠ t√≠t√≠ d√≤n√≠.	positive
Mo f·∫πÃÅr√†n √¨gb√† kej√¨, mo s√¨ ≈Ñ ret√≠ √¨gb√† t√≠ √¨ran kej√¨ m√°a d√©, mo s√¨ f·∫πÃÅr√†n gbogbo √†w·ªçn √®√®y√†n t√≠ mo b√° ≈Ñ b√° w√≠.	positive
"√≥ j·∫πÃÅ f√≠√¨m√π t√≥ m√°a ≈Ñ gb√† m√≠ n√≠ w√°k√†t√≠ m√©j√¨ t√≠ k√≤ y·∫π k√≠ n m√°a p√® n√≠ er√© √¨n√†j√∫, b√≠ k√≤ ·π£e √¨gb√† t√≠ mo m√°a ≈Ñ f√∫nni l√°·π£·∫π. b√≠ mo b√° ≈Ñ ·π£iy√®m√©j√¨, √¨d√°nil√≥j√∫ mi √° t√∫b·ªçÃÄ l√°gb√°ra s√≠ i... mo l√® b√° f√≠√¨m√π n√°√† k√©Ã£gb√©Ã£ n√≠tor√≠ p√© √≥ ·π£e kedere p√©, mo ti r√≠ √¨f·ªçÃÄk√†nsin ·ªçl·ªçÃÅrun kan r√≠... mo t√∫n s·ªç p√© ""b·∫πÃÅ·∫πÃÅ·∫πÃÅ ni"" s√≠ √¨p√® ·ªçl·ªçÃÅrun."	positive
√ì fi h√†n p√© √†w·ªçn √≤Ã£d√≥Ã£b√¨nrin t√≥ ≈Ñ k√≥Ã£ ·ªçÃÅ n√≠ yunif√°s√≠t√¨ n√≠ N√†√¨j√≠r√≠√† √†ti n√≠ √åw√≤Ã£ O√≤r√πn √Åf√≠r√≠k√† n√≠ √†pap√≤Ã£ ≈Ñ ·π£e ohun t√≥ bur√∫ gan-an.	positive
√ì n√≠ √†w·ªçn √≤Ã£r√≤Ã£ t√≥ n√≠ √¨l√†l√≥ye t√≥ s√¨ ·π£e kedere, √†m√≥Ã£ t√≥ ≈Ñ m√∫ni l√°y√≤Ã£ k√≤ n√≠ r√≠ b√©Ã£√®Ã£. . . . N√≠ gbogbo √¨gb√†, √¨w√© Fifty j√©Ã£ √¨w√© t√≠ w√≥Ã£n ≈Ñ l√≤, √≥ d√°ra, √≥ s√¨ ≈Ñ gb√©ni r√≥, w√≥Ã£n ret√≠ p√© k√≥ m√°a w√∫ni l√≥r√≠ n√≠ √≤pin, √†m√≥Ã£ k√≤ fi b√©Ã£√®Ã£ y·ªçj√∫ n√≠n√∫ √†w·ªçn √†b√πk√π mi, √†m√≥Ã£ in√∫ mi d√πn p√© mo r√°nt√≠ √†w·ªçn √≤Ã£r√≤Ã£ √†ti √†w·ªçn √¨ran d√≠√®Ã£ t√≥ w√°y√© n√≠ √≤pin.	positive
sinima kunle affo ti o ni ipa jul·ªç titi di oni... . sinima naa n s·ªçr·ªç nipa koko kan ti o j·∫π ipil·∫π pup·ªç ninu eto ·∫πk·ªç nigeria. itan ti o dara, itan ti o nif·∫π, i·π£·∫π ·π£i·π£e iyanu. sinima yii j·∫π ·ªçkan ninu aw·ªçn ti o dara jul·ªç ti iw·ªç yoo wo lori aw·ªçn koko ti o ni ipa lori iwa-ipa ti ibatan ibatan ni aw·ªçn ile-·∫πk·ªç giga Afirika. o kan gbadun r·∫π ki o si ·π£e atuny·∫πwo r·∫π ti ko ni idamu! o j·∫π ·ªçkan ti o dara jul·ªç	positive
√Äw√≤r√°n t√≥ d√°ra gan-an, f√≠√¨m√π t√≥ d√°ra, √¨t√†n t√≥ d√°ra, orin t√≥ d√°ra √†ti er√© √¨n√†j√∫ t√≥ d√°ra t√≠ gbogbo √¨d√≠l√© l√® gb√°d√πn.	positive
√ì d√πn m√≠ gan-an, √≥ d√πn m√≠ gan-an, √†·π£√†, √®d√® √†ti orin r√®Ã£ d√°ra gan-an.	positive
F√≠√¨m√π n√°√† j√©Ã£ k√° m·ªç ohun t√≥ ·π£·∫πl√®Ã£ n√≠ ·ªçd√∫n 1980 s√≠ ·ªçd√∫n 1980 s√≠ ·ªçd√∫n 1980 s√≠ ·ªçd√∫n 1980 s√≠ ·ªçd√∫n 1980 s√≠ ·ªçd√∫n 1980 s√≠ ·ªçd√∫n 1980 s√≠ ·ªçd√∫n 1980 s√≠ ·ªçd√∫n 1980 s√≠ ·ªçd√∫n 1980 s√≠ ·ªçd√∫n 1980 s√≠ ·ªçd√∫n 1980 s√≠ ·ªçd√∫n 1980 s√≠ ·ªçd√∫n 1980 s√≠ ·ªçd√∫n 1980 s√≠ ·ªçd√∫n 1980 s√≠ ·ªçd√∫n 1980 s√≠ ·ªçd√∫n 1980 s√≠ ·ªçd√∫n 1980 s√≠ ·ªçd√∫n 1980 s√≠ ·ªçd√∫n 1980 s√≠ ·ªçd√∫n 1980 s√≠ ·ªçd√∫n 1980 s√≠ ·ªçd√∫n 1980 s√≠ ·ªçd√∫n 1980 s√≠ ·ªçd√∫n 1980 s√≠ ·ªçd√∫n 1980 s√≠ ·ªçd√∫n 1980 s√≠ ·ªçd√∫n 1980 s√≠ ·ªçd√∫n 1980 s√≠ ·ªçd√∫n 1980 s√≠ ·ªçd√∫n 1980 s√≠ ·ªçd√∫n 1980 s√≠ ·ªçd√∫n 1980 s√≠ ·ªçd√∫n 1980 s√≠ ·ªçd√∫n 1980 s√≠ ·ªçd√∫n 1980 s√≠ ·ªçd√∫n 1980 s√≠ ·ªçd√∫n 1980 s√≠ ·ªçd√∫n 1980 s√≠ ·ªçd√∫n 1980 s√≠ ·ªçd√∫n 1980 s√≠ ·ªçd√∫n 1990 s√≠ ·ªçd√∫n 1990 s√≠ ·ªçd√∫n 2009 s√≠ ·ªçd√∫n 2009 s√≠ ·ªçd√∫n 2009 s√≠ ·ªçd√∫n 2009 s√≠ ·ªçd√∫n 2009 s√≠ ·ªçd√∫n 2009 s√≠ ·ªçd√∫n 2009 s√≠ ·ªçd√∫n 2009 s√≠ ·ªçd√∫n 2009 s√≠ ·ªçd√∫n 2009 s√≠ ·ªçd√∫n 2009 s√≠ ·ªçd√∫n 2009 s√≠ ·ªçd√∫n 2009 s√≠ ·ªçd√∫n 2009 s√≠ ·ªçd√∫n 2009 s√≠ ·ªçd√∫n.	positive
f√≠√¨m√π y√¨√≠ n√≠ √¨s·ªçf√∫nni t√≥ d√°ra, √≥ k√∫n f√∫n √†w·ªçn √®√®y√†n t√≥ n√≠ √¨s·ªçf√∫nni t√≥ d√°ra, t√≠ w·ªçÃÅn s√¨ ≈Ñ gb√© in√∫ √¨·π£√®Ã£l√®Ã£ t√≥ ≈Ñ m√∫ k√≠ √¨t√†n n√°√† r√≠ i p√© √≥ d√°ra gan-an, √†m√≥Ã£ √≥ m√°a ≈Ñ m√∫ k√≥ o m√°a gb√© ara r·∫π r√≥ b√≥ o b√° ≈Ñ s·ªç ohun kan t√†b√≠ m√©j√¨ n√≠pa ohun t√≥ ≈Ñ s·ªç.	positive
"Mo ti wo ""Fifty Series"" nitori Tola oju ti wa ni m·ªç. Mo nif·∫π si yi jara ati ki o yoo f·∫π fun akoko 2 lati wa! Mo kan k√≥r√¨√≠ra pe ti o ba fi mi ni hanging lori aw·ªçn ti o k·∫πhin i·π£·∫πl·∫π, bi a akoko 2 yoo wa ni b·ªç. Nitorina j·ªçw·ªç fun wa ni akoko 2!!"	positive
√ì d√°ra gan-an! . . . √Äk·ªçl√© √†w√≤r√°n t√≥ d√°ra gan-an √†ti √†w·ªçn er√© t√≥ ≈Ñ gb√©ni r√≥ l√≥ ≈Ñ m√∫ k√≠ √¨d√≠l√© kan n√≠ √¨d√†√†m√∫ ·ªçk√†n.	positive
Oj√∫ ·∫πÃÄy·∫π t√≥ ·π£e kedere, t√≥ s√¨ ≈Ñ d√πn √∫n w√≤! ...√¨·π£er√© on√≠w√†h√°l√† t√≥ d√°ra gan-an, t√≥ n√≠ √≤Ã£n√† t√≥ d√°ra l√°ti gb√© √¨gb√©s√≠ ay√©.	positive
W√≥Ã£n lo √¨gb√©j√†k√≤ n√°√†, √†m√≥Ã£ √≥ d√°ra gan-an l√°ti ·π£e i·π£√©Ã£ n√°√† t√≠t√≠ t√≥ fi di i·π£√©Ã£ √¨·π£er√©.	positive
√ågb√®Ã£d·∫πÃÄ l√® m√°√† j√©Ã£ √¨t√†n t√≥ d√°ra j√π l·ªç, √†m√≥Ã£ p√®Ã£l√∫ √¨·π£er√© Damson Idris t√≥ fani m√≥Ã£ra, s√≠b√®Ã£, √≥ ·π£√¨ j√©Ã£ √¨t√†n t√≥ y·∫π k√° s·ªç.	positive
O ·π£eun pup·ªç!!! . . . ohun gbogbo nipa fiimu yii ni o wa ni kan lori ojuami! aw·ªçn itan line, aw·ªçn eniyan ati it·ªçs·ªçna .. si isal·∫π si aw·ªçn a·π£·ªç. Mo gbadun yi patapata!! mi popcorn ti jade ni i·π£·∫πju! ife ife ife ife! j·ªçw·ªç ·π£e di·∫π sii aw·ªçn fiimu!!!	positive
√ì d√°ra gan-an l√°ti fi sinim√° er√© √¨je. . . ohun kan ·π£o·π£o t√≠ mi √≤ f√©Ã£r√†n n√≠pa f√≠√¨m√π y√¨√≠ ni b√≠ k√≤ ·π£e s√≠ √¨j√πm√≤Ã£s√≤Ã£r√≤Ã£ l√°√†√°r√≠n √†w·ªçn ar√° N√†√¨j√≠r√≠√† t√†b√≠ √†w·ªçn ar√° √ç≈Ñd√≠√†. . . . f√≠√¨m√π on√≠f√®Ã£√©Ã£ t√≥ d√°ra gan-an.	positive
f√≠√¨m√π t√≥ fani m·ªçÃÅra gan - an. mo gb√°d√πn f√≠√¨m√π y√¨√≠ gan - an, mo gb√°d√πn f√≠√¨m√π y√¨√≠ gan - an, mo gb√°d√πn f√≠√¨m√π y√¨√≠ p·∫πÃÄl√∫ √¨t√†n t√≥ d√°ra gan - an, f√≠√¨m√π t√≠ mo k·ªç, Dakore √†ti √†w·ªçn t√≥ ≈Ñ ·π£e √©, t√≠ w·ªçÃÅn s√¨ ≈Ñ ·π£e √© d√°ad√°a. √†·π£√† wa √†ti ohun √¨n√≠ wa ni w·ªçÃÅn ≈Ñ ·π£e d√°ad√°a. √≥ y·∫π k√≠ w·ªçÃÅn gba √®re Oscar t√≠ w·ªçÃÅn b√° fi h√†n p√© √≥ w√† n√≠n√∫ ·∫πÃÄka √†w·ªçn ar√°√†l√∫. √≥ d√°j√∫ p√© mo r√≠ √¨d√¨b√≤ 10/10 f√∫n mi	positive
√ì d√°ra gan-an f√≠√¨m√π y√¨√≠!!! Oj√∫ ·∫πÃÄ wo! Oj√∫ ·∫πÃÄ wo!	positive
√ì d√°ra gan-an, √≥ d√°ra gan-an, √≥ s√¨ gba p√© k√≠ √®√®y√†n m√°a k√≠y√® s√≠ i gan-an, √†m√≥Ã£ n√≠ gbogbogbo, f√≠√¨m√π n√°√† d√°ra gan-an.	positive
√ì n√≠ √†w·ªçn n«πkan t√≥ ≈Ñ ·π£·∫πl√®Ã£ n√≠ N√†√¨j√≠r√≠√† l√≥Ã£k√†n, √≥ s√¨ gba ·∫πni t√≥ n√≠ √®r√≤ t√≥ jinl√®Ã£ √†ti √®r√≤ t√≥ ·π£√≠·π£er√© l√°ti r√≠ i.	positive
√®y√≠ ni f√≠√¨m√π t√≥ d√°ra j√π l·ªç t√≠ nollywood ·π£e! √≥ j·ªç f√≠√¨m√π ar√° am·∫πÃÅr√≠k√† t√≥ j·∫πÃÅ ·ªçm·ªç il·∫πÃÄ af√≠r√≠k√†. f√≠√¨m√π n√°√† d√°ra gan-an, k√≠ o s√¨ m·ªçÃÄ p√© √≥ j·∫πÃÅ f√≠√¨m√π √†k·ªçÃÅk·ªçÃÅ t√≠ √†w·ªçn ak·∫πÃÅk·ªçÃÅ ob√¨nrin ·π£e, ·∫πÃÄka √†b√†√†r√° s√≠ i.	positive
√ì d√† b√≠ er√© √¨d√°ray√° Shakespeare kan, t√≥ k√∫n f√∫n √†w·ªçn √®√®y√†n t√≥ ≈Ñ ·π£e er√© √¨d√°ray√°, t√≥ n√≠ √†w·ªçn √†w√≤r√°n t√≥ ≈Ñ m√∫ni gb√≤√≤r√≤, t√≥ s√¨ ≈Ñ j√©Ã£ k√° m·ªç b√≠ √†w·ªçn t√≥ ≈Ñ gb√© √¨l√∫ ≈Ñl√° √†ti √†w·ªçn t√≥ ≈Ñ gb√© ib√≤m√≠√¨ ·π£e ≈Ñ k√≥pa n√≠n√∫ √†·π£√† √¨b√≠l√®Ã£ w·ªçn.	positive
√Äw·ªçn ar√° N√†√¨j√≠r√≠√† n√≠ Brooklyn. . . . f√≠√¨m√π t√≥ fani m√≥Ã£ra gan-an ni f√≠√¨m√π y√¨√≠, √≥ n√≠ √¨m√∫rat√°n, √≥ s√¨ n√≠ √†fiy√®s√≠, √≥ s√¨ n√≠ √≤Ã£p√≤Ã£ √†w√≤Ã£.	positive
Temi Otedola ·π£e i·π£·∫πÃÅ √†gb√†yanu!	positive
O ·π£eun f√∫n √†p·∫π·∫πr·∫π p√≠p√© n√≠pa b√≠ √ì ·π£e ≈Ñ ·π£i·π£√©Ã£ n√≠n√∫ √¨gb√©s√≠ ay√© wa: f√≠√¨m√π y√¨√≠ ≈Ñ m√∫ k√≠ ·ªçk√†n wa t√∫ k√°, √≥ ≈Ñ r√°n wa l√©t√≠ b√≠ √ì ·π£e ≈Ñ ·π£i·π£√©Ã£ n√≠pas√®Ã£ √†w·ªçn al√°√¨p√©, t√≥ ron√∫ p√¨w√† d√† √®√®y√†n t√≠ a k√†n p√® l√°ti ·π£√®gb·ªçr√†n s√≠ i. √ì ≈Ñ ·π£e gbogbo ohun t√≥ k√π. √ì j√©Ã£ ad√∫r√≥·π£in·π£in l√°ti par√≠ ohun t√≥ ti b√®Ã£r√®Ã£. ·∫∏ √≤ r√≠ i p√© f√≠√¨m√π t√≥ ≈Ñ b·ªçl√° f√∫n ·ªål√≥Ã£run t√≥ ≈Ñ fi h√†n p√© ·ªål√≥Ã£run w√† n√≠n√∫ √¨w√† rere √†ti √≤go √†ti agb√°ra. O ·π£eun.	positive
Stroyline d√°ra gan-an... √¨y√≠pad√† √≤Ã£r√≤Ã£ n√°√† ·π£e gbogbo n«πkan, √≥ k√∫n f√∫n √¨f√≤Ã£r√≤Ã£w√©r√≤Ã£, √≥ w√∫ni l√≥r√≠, √≥ s√¨ w·ªçni l√≥Ã£k√†n gan-an. √ì n√≠ ipa p√†t√†k√¨ l√≥r√≠ b√≠ √¨j√πm√≤Ã£s√≤Ã£r√≤Ã£ ·π£e ·π£e p√†t√†k√¨ t√≥ n√≠n√∫ √†j·ªç·π£e.	positive
Mo ti wo f√≠√¨m√π y√¨√≠ l√©ral√©ra, mo s√¨ ≈Ñ ret√≠ p√© k√≠ w√≥Ã£n t√∫n fi f√≠√¨m√π m√≠√¨ ·π£e √©.	positive
√Ä·π£√† √¨gb√†l√≥d√© n√≠ N√†√¨j√≠r√≠√†. . . . . Nollywood n√≠ ohun p√†t√†k√¨ kan t√≥ j·∫πÃÅ ti √¨·π£√®l√∫, √¨s√¨n √†ti ·∫πÃÄy√† f√∫n √†w·ªçn t√≥ ≈Ñ w√° b√≠ w√≥Ã£n ·π£e l√® l√≥ye √¨d√≠ t√≠ √†w·ªçn √¨·π£√≤ro ≈Ñl√°≈Ñl√° fi ≈Ñ ·π£·∫πl√®Ã£ l√°y√© √†ti n√≠ b√°y√¨√≠, √†w√πj·ªç k√©ker√© kan n√≠ N√†√¨j√≠r√≠√† t√≥ ti gbil√®Ã£ gan-an l√≥n√¨√≠. . . . ·ªçk√†n ≈Ñ w√° s√≠ √≤√≥t√≥Ã£ y√¨√≠ f√∫n √¨r√≠r√≠ √†ti p√© f√≠√¨m√π y√¨√≠ ≈Ñ m√∫ k√≠ √≤Ã£p√≤Ã£ n«πkan ·π£·∫πl√®Ã£.‚ù§	positive
√ì m√°a ≈Ñ d√πn l√°ti wo √†w·ªçn f√≠√¨m√π n√°√†, p√†√°p√†√° t√≠ o b√° l√≥ye √®d√® Igbo... √†m√≥Ã£ n√≠ gbogbogbo, √≥ d√°ra gan-an, √≥ s√¨ m√°a ≈Ñ ·π£e m√≠ l√°√†y√≤.	positive
√ì d√† b√≠i p√© or√≠·π£ir√≠·π£i √®r√≤ t√≠ k√≤ t√≠√¨ y√© e l√≥ ≈Ñ gb√© j√°de n√≠n√∫ f√≠√¨m√π y√¨√≠, t√≠ w√≥Ã£n s√¨ ≈Ñ fi √¨f√©Ã£ ·π£er√©.	positive
Genevieve Nnaji t√∫n fi h√†n p√© √≤un ·π£√¨ ni ak·∫πÃÅk·ªçÃÄ·ªçÃÅ t√≥ d√°ra j√π l·ªç n√≠ Nollywood n√≠gb√† gbogbo.	positive
F√≠√¨m√π kan t√≥ m√∫ √¨r√®t√≠ or√≠l√®Ã£-√®d√® kan f√∫n sinim√° t√≥ d√°ra j√π l·ªç j√°de. . . . A l√® k√†n m√°a ret√≠ p√© k√≠ √†w·ªçn on√≠m√≤Ã£ sinim√° m√¨√≠r√†n n√≠ N√†√¨j√≠r√≠√† t√∫n gb√© or√≠ il√®Ã£ y√¨√≠ kal√®Ã£ k√≠ w√≥Ã£n l√® r√≠ b√≠ √†w·ªçn sinim√° N√†√¨j√≠r√≠√† ·π£e m√°a r√≠ l√≥Ã£j√≥Ã£ iw√°j√∫.	positive
√ì j·ªç p√© √≥ m√°a ≈Ñ d√πn m√≠ gan-an p√© mo j√©Ã£ ·ªçm·ªç N√†√¨j√≠r√≠√†, √†m√≥Ã£ b√≠ √≤Ã£r√≤Ã£ ·π£e r√≠ l√°ra √†w·ªçn √®√®y√†n n√°√† k√≤ n√≠ j√©Ã£ k√≠ n gb√†gb√© w·ªçn.	positive
Mo ≈Ñ w√° orin orin √†ti √†gb√©y·∫πÃÄw√≤. . . . Oj√∫ √¨w√© orin ni √¨par√≠ f√≠√¨m√π. N√≠ √†t√®Ã£y√¨nw√°. K√≤ s√≠ √≤Ã£r√≤Ã£ kankan n√≠n√∫ r√®Ã£, √≥ j·∫πÃÅ orin kan. Mo ≈Ñ gb√¨y√†nj√∫ l√°ti m·ªç or√∫k·ªç r√®Ã£... . . Y√†t√≤Ã£ s√≠y·∫πn, f√≠√¨m√π ≈Ñl√° kan, √≥ ≈Ñ l·ªç n√≠ p·∫πÃÅ. √å·π£e √¨·π£er√© w√†. K√≤ s√≠ √¨y·ªçÃÄ«πda ·ªçk√†n t√†b√≠ n«πkan b√≠i √¨y·∫πn. √Äw·ªçn √¨j√≠r√≤r√≤, √†w·ªçn √≤Ã£r√≤Ã£ t√≠ a y√†n, √†w·ªçn ohun t√≥ ≈Ñ ·π£e, √†w·ªçn ohun t√≥ ≈Ñ ·π£e √†b√πd√°. √ì d√† b√≠i p√© √≤ ≈Ñ wo ip√≤ gidi kan. √ì p·ªçÃÄ gan-an n√≠ √†w·ªçn √†k√≥k√≤ t√≠ k√≤ s√≠ n«πkan kan. N√≠tor√≠ n√°√†, o l√® f·∫πÃÅ ir√∫ f√≠√¨m√π y√¨√≠ t√†b√≠ o √≤ l√® f·∫πÃÅr√†n r√®Ã£.	positive
mo f·∫πÃÅr√†n f√≠√¨m√π n√°√† gan-an, √≥ w√† l√°ra ir√∫ f√≠√¨m√π t√≠ mo f·∫πÃÅr√†n j√π l·ªç, mo s√¨ ≈Ñ ret√≠ p√© k√≠ n r√≠ b√≠ √†w·ªçn ·ªçm·ªç or√≠l·∫πÃÄ-√®d√® N√†√¨j√≠r√≠√† ·π£e m√°a m√∫ √†w·ªçn f√≠√¨m√π j√°de s√≠ta.	positive
√Äw·ªçn ·ªçm·ªçk√πnrin t√≠ Kemi Adetiba k·ªçÃÅ ni ·ªåba √Äw·ªçn ·ªåm·ªçk√πnrin. l√°ti in√∫ √†w·ªçn t√≠ w·ªçÃÅn y√†n l√°ti ·π£e er√© n√°√† t√≠t√≠ d√© √†w·ªçn t√≠ w·ªçÃÅn ·π£e √© d√°ad√°a, f√≠√¨m√π y√¨√≠ k√≤ k√©r√© r√°r√°. √åd√πnn√∫, √¨y√≠pad√† n√≠n√∫ √¨t√†n, ·∫πÃÄr√≠n, √†√¨r√≠ra-·∫πni-n√¨kan k√≤ n√≠ b√°ra mu.	positive
√Ä√¨p√©. . . . ·∫∏n√¨ kan n√≠ l√°ti r√†n m√≠ l√≥Ã£w√≥Ã£ l√°ti r√≠ √†·π£√¨·π£e n√≠n√∫ f√≠√¨m√π y√¨√≠ n√≠tor√≠ p√© mo ti wo r√®√© n√≠ √¨gb√† m√©Ã£rin, s√≠b√®Ã£ mi √≤ l√® r√≠ √†·π£√¨·π£e kankan. Ohun gbogbo n√≠pa f√≠√¨m√π n√°√† p√© p√©r√©p√©r√©. F√≠√¨m√π n√°√† j√©Ã£ ohun √¨pil√®Ã£·π£√®Ã£.	positive
√Äk·ªçl√© t√≥ w√† n√≠d√¨√≠ r√®Ã£ s√¨ j√©Ã£ √¨t√†n gidi, √≥ s√¨ ≈Ñ gb√©ni r√≥ gan-an.	positive
√Äk·ªçl√© √†w√≤r√°n, √Äk·ªçl√© √†w√≤r√°n, √Äk·ªçl√© √†w√≤r√°n, √Äk·ªçl√© √†w√≤r√°n, √Äk·ªçl√© √†w√≤r√°n, √Äk·ªçl√© √†w√≤r√°n, √Äk·ªçl√© √†w√≤r√°n, √Äk·ªçl√© √†w√≤r√°n, √Äk·ªçl√© √†w√≤r√°n, √Äk·ªçl√© √†w√≤r√°n, √Äk·ªçl√© √†w√≤r√°n, √Äk·ªçl√© √†w√≤r√°n, √Äk·ªçl√© √†w√≤r√°n, √Äk·ªçl√© √†w√≤r√°n, √Äk·ªçl√© √†w√≤r√°n, √Äk·ªçl√© √†w√≤r√°n, √Äk·ªçl√© √†w√≤r√°n, √Äk·ªçl√© √†w√≤r√°n, √Äk·ªçl√© √†w√≤r√°n, √Äk·ªçl√© √†w√≤r√°n, √Äk·ªçl√© √†w√≤r√°n, √Äk·ªçl√© √†w√≤r√°n, √Äk·ªçl√© √†w√≤r√°n, √Äk·ªçl√© √†w√≤r√°n, √Äk·ªçl√© √†w√≤r√°n, √Äk·ªçl√© √†w√≤r√°n, √Äk·ªçl√© √†w√≤r√°n, √Äk·ªçl√© √†w√≤r√°n, √Äk·ªçl√© √†w√≤r√°n, √Äk·ªçl√© √†w√≤r√°n, √Äk·ªçl√© √†w√≤r√°n, √Äk·ªçl√© √†w√≤r√°n, √Äk·ªçl√© √†w√≤r√°n, √Äk·ªçl√© √†w√≤r√°n, √Äk·ªçl√© √†w√≤r√°n, √Äk·ªçl√© √†w√≤r√°n, √Äk·ªçl√© √†w√≤r√°n, √Äk·ªçl√© √†w√≤r√°n, √Äk·ªçl√© √†w√≤r√°n, √Äk·ªçl√© √†w√≤r√°n, √Äk·ªçl√© √†w√≤r√°n, √Äk·ªçl√© √†w√≤r√°n, √Äk·ªçl√© √†w√≤r√°n, √Äk·ªçl√© √†w√≤r√°n, √Äk·ªçl√© √†w√≤r√°n, √Äk·ªçl√© √†w√≤r√°n, √Äk·ªçl√© √†w√≤r√°n, √Äk·ªçl√© √†w√≤r√°n, √Äk·ªçl√© √†w√≤r√°n, √Äk·ªçl√© √†w√≤r√°n, √Äk·ªçl√© √†w√≤r√°n, √Äk·ªçl√© √†w√≤r√°n, √Äk·ªçl√© √†w√≤r√°n, √Äk·ªçl√© √†w√≤r√°n, √Äk·ªçl√© √†w√≤r√°n, √Äk·ªçl√©, √Äk·ªçl√©, √Äk·ªçl√©, √Äk·ªçl√©, √Äk·ªçl√©, √Äk·ªçl√©, √Äk·ªçl√©, √Äk·ªçl√©, √Äk·ªçl√©, √Äk·ªçl√© na, √Äk·ªçl√©, √Äk·ªçl√©, √Äk·ªçl√©, √Äk·ªçl√©, √Äk·ªçl√©, √Äk·ªçl√© na, √Äk·ªçl√©, √Äk·ªçl√©, √Äk·ªçl√© na, √Äk·ªç na, √Äk·ªçl√©, √Äk·ªç na, √Äk·ªç na, √Äk·ªç na, √Äk·ªç na,	positive
b√≠ o√∫nj·∫π b√° j·∫πÃÅ mo m√°a s·ªç p√© ·∫πnu mi ≈Ñ gb·∫π. . . . f√≠√¨m√π t√≠ w·ªçÃÅn ≈Ñ ·π£e ni mo n√≠l√≤, mi √≤ r√≠ ibi t√≠ w·ªçÃÅn ti l√® m√∫ k√≠ f√≠√¨m√π n√°√† di √®y√≠ t√≠ k√≤ w√∫l√≤ m·ªçÃÅ. a ti yan √†w·ªçn √≤·π£√®r√© d√°ad√°a, a s√¨ fi ir√∫ √¨m·ªçÃÄr√†n t√≥ n√≠ y√¨√≠ h√†n. ibi t√≠ w·ªçÃÅn ti ≈Ñ ·π£e √© k√¨ √≠ ·π£e tuntun r√°r√°, √†w·ªçn il√© ·∫πÃÄk·ªçÃÅ t√≥ d√°ra t√≥ b·∫πÃÅ·∫πÃÄ n√≠ Senegal, √†w·ªçn i·π£·∫πÃÅ ·ªçn√† √†ti i·π£·∫πÃÅ ·ªçn√† √†w·ªçn a·π£√°√°j√∫ wa n√≠l·∫πÃÄ √Åf√≠r√≠k√† ti m√∫ k√≠ √†w·ªçn √®√®y√†n m·ªç ir√∫ ·∫πni t√≠ w·ªçÃÅn j·∫πÃÅ n√≠l·∫πÃÄ-√®d√® √Åf√≠r√≠k√†. . . . . √¨s·ªçf√∫nni t√≠ f√≠√¨m√π y√¨√≠ ≈Ñ gb√©, b√≠ w·ªçÃÅn ·π£e s·ªç √≥ ·π£e p√†t√†k√¨ gan-an, √≥ n√≠ √¨j√¨nl·∫πÃÄ t√≥ s√¨ n√≠ ·∫πÃÄb√πn ·ªçÃÄd·ªçÃÅ. √¨r·∫πÃÄs√≠ ·ªçk√†n w√† n√≠ ipele m√¨√≠r√†n, √¨d√†p·ªçÃÄ √®r√≤ t√≥ ≈Ñ m√∫ w√° b√° wa, √†w·ªçn t√≥ ≈Ñ wo f√≠√¨m√π n√°√†, ohun m√¨√≠r√†n ni. . . . . .	positive
√ì d√°ra gan-an, f√≠√¨m√π t√≥ d√°ra gan-an, √¨t√†n t√≥ r·ªçr√πn gan-an t√≥ ≈Ñ s·ªç √†w·ªçn ·ªçm·ªçk√πnrin m√©j√¨ kan di √≤Ã£d√≥Ã£, √≥ s√¨ t√∫n ≈Ñ s·ªç √†w·ªçn √¨y√≠pad√† t√≥ ≈Ñ y√≠ pa d√† t√≥ ≈Ñ y√≠ w·ªçn k√° l√°ti di ·ªçk√πnrin t√≥ d√†gb√†, √≥ s√¨ y√†t·ªçÃÄ p√°t√°p√°t√° s√≠ ohun y√≤√≥w√π t√≠ mo ti r√≠.	positive
Mo f·∫πÃÅr√†n √†w·ªçn ·ªçm·ªç Naijiria mi, mo f·∫πÃÅr√†n √¨t√†n t√≥ fani m·ªçÃÅra.	positive
√ì d√°ra, √≥ d√°ra, √≥ d√πn √∫n w√≤, √≥ s√¨ ·π£e p√†t√†k√¨.	positive
√†w·ªçn ar√° √¨l√∫ mi fi √†w·ªçn √†fik√∫n √†fik√∫n h√†n, w·ªçn √≤ s√¨ k·ªçj√° √†√†l√†. ·ªçÃÄkan l√°ra √†w·ªçn √†fik√∫n √†fik√∫n t√≠ mo f·∫πÃÅr√†n j√π l·ªç ni √≤j√≤. √†w·ªçn √≤·π£√¨·π£·∫πÃÅ t√≥ ≈Ñ ·π£e f√≠√¨m√π y√¨√≠ y·∫π k√≠ a m·ªçy√¨ w·ªçn gan-an n√≠tor√≠ ·ªçÃÄr·ªçÃÄ t√≠ w·ªçÃÅn fi k·ªçÃÅ f√≠√¨m√π y√¨√≠.	positive
Ohun T√≥ ·π¢·∫πl√®Ã£, T√≥ W√† N√≠n√∫ √ågb√©s√≠ Ay√©, T√≥ W√† N√≠n√∫ √åk√≥Ã£nil√©Ã£k√≤Ã£√≥Ã£ √†ti T√≥ D√°ra	positive
√ày√≠ ni f√≠√¨m√π t√≠ mo f√©Ã£r√†n j√π n√≠ N√†√¨j√≠r√≠√†.	positive
Mo m·ªçr√≠r√¨ f√≠√¨m√π kan t√≥ n√≠ √¨d√® √¨b√°l√≤p√≤Ã£ t√≥ l√°gb√°ra l√°√†√°r√≠n √†w·ªçn ar√°b√¨nrin m√©j√¨ t√≥ n√≠ √†j·ªç·π£e t√≥ d√°a p√®Ã£l√∫ ara w·ªçn, √†m√≥Ã£ t√≠ √¨f√©Ã£ √†ti √®r√≤ √≤·π£√®l√∫ k√≤ n√≠ √≠ ·π£e m√≥Ã£.	positive
A Educational But Visceral & Horrifying Film Expertly Crafted. . O j·∫π fiimu nla ti o ·π£e daradara ati ti o ·π£e it·ªçs·ªçna ·ªågb·ªçn ti a ·π£e ni akoko ti o j·∫π ·∫πk·ªç si iw·ªçn ·π£ugb·ªçn o j·∫π iriri ti o ni im·ªçran patapata .. . ·π¢awari Ibeere, ati ·ªågbin ·∫∏gb·∫π, ni England o nira lati gbagb·ªç di·∫π ninu aw·ªçn nkan w·ªçnyi Ti o m·ªç pe o da lori itan otit·ªç j·∫π ki o j·∫π ki o j·∫π ati paapaa o nira pup·ªç lati j·∫πun . Boya aw·ªçn oju i·π£·∫πl·∫π di·∫π j·∫π fun iwe-a·π£·∫π ti i·π£ere ·π£ugb·ªçn tun o wa lati di·∫π ninu ibiti o j·∫π gidi .. . . O wa ·ªçp·ªçl·ªçp·ªç aw·ªçn aaye ninu fiimu nibiti Mo yoo beere nikan idi? idi ti o ·π£e b·∫π! Nooo! . . . . . . . ko fun ·ªçk√†n ti o wa ni ibanuj·∫π ati pe o j·∫π iru rudurudu p·∫πlu ·ªçkan r·∫π o j·∫π iru fiimu ti yoo fi ·ªç sil·∫π p·∫πlu ·ªçp·ªçl·ªçp·ªç aw·ªçn ibeere .	positive
O j·∫π fiimu ti o dara, ti o ni ilera nipa if·∫π, igbagb·ªç, ·∫πbi ati aw·ªçn it·∫πl·ªçrun ti aye....... o j·∫π di·∫π ti o ni it·∫πl·ªçrun, ·π£ugb·ªçn Mo gbadun r·∫π. Mo nif·∫π si Mawuli Gavor ati pe Mo tun yoo wo o l·∫π·∫πkansi nikan lati ri i ..	positive
f√≠√¨m√π t√≥ d√°ra t√≥ ≈Ñ ·π£√†p√®j√∫we √†w·ªçn √¨·π£√®Ã£l√®Ã£ √†t·∫πÃÄy√¨nw√° t√≥ w√°y√© n√≠ √¨j·ªçba Benin. . . f√≠√¨m√π y√¨√≠ j·∫πÃÅ ohun t√≥ ≈Ñ k√≥ni n√≠ √¨j√¨nl√®Ã£ √¨j√¨nl√®Ã£ √†ti ohun t√≥ ≈Ñ m√∫ni l√°y√≤Ã£ gan-an. mo ·π£√¨ ≈Ñ ·π£√†n√≠y√†n p√© ·ªçd√∫n 2014 ni w√≥Ã£n ·π£e √©.	positive
√Äb√° t√≥ d√°ra gan-an... √¨t√†n t√≥ n√≠ √†w·ªçn √≤«πw√≤ran t√≥ n√≠ ·∫πÃÄb√πn, t√≥ ≈Ñ gb√©ni r√≥ gan-an, t√≥ s√¨ ≈Ñ gb√©ni r√≥ gan-an.	positive
√≥ d√°a gan - an... √≥ d√°a gan - an. f√≠√¨m√π y√¨√≠ d√πn gan - an, √≥ s√¨ d√πn gan - an l√°ti √¨b·∫πÃÄr·∫πÃÄ. mi √≤ r√≠ √†·π£√¨·π£e kankan n√≠n√∫ r·∫πÃÄ, √≥ ·π£e√© ·π£e k√≠ √¨fil·ªçÃÄ n√°√† m√°a ≈Ñ d√πn m√≠ gan - an, √†m·ªçÃÅ ohun t√≥ ≈Ñ d√πn m√≠ gan - an ni. f√≠√¨m√π y√¨√≠ t√∫t√π gan - an, √†m√≥Ã£ √≥ n√≠tum√≤Ã£. a gb√† m√≠ n√≠y√†nj√∫ gan - an!	positive
KOB ni f√≠√¨m√π Nollywood t√≥ gbaj√∫m·ªçÃÄ j√π l·ªç f√∫n mi n√≠sins√¨ny√≠. √¨t√†n n√°√† y√†t·ªçÃÄ s√≠ra gan-an, √≥ s√¨ j·∫πÃÅ oj√∫l√≥w√≥. √ì ≈Ñ fi ohun t√≥ ≈Ñ l·ªç n√≠n√∫ √¨·π£√®l√∫ h√†n n√≠ ti gidi.	positive
√ì d√°ra gan-an, m√†√° s√¨ r√≤Ã£ √≥Ã£ p√© k√≥ o ·π£e √© f√∫n ·∫πnik√©Ã£ni!	positive
Mo f√©Ã£r√†n f√≠√¨m√π y√¨√≠ gan-an, m√†√° s√¨ gb√°d√πn d√≠di ar√¨nr√¨n-√†j√≤ t√≠ mo m√°a ≈Ñ ·π£e l√°ti ·ªçd√∫n m√©l√≤√≥ kan s√≠gb√† t√≠ mo b√° ≈Ñ wo r√®Ã£, m√†√° s√¨ gb√°d√πn √†w·ªçn √¨j√≠r√≤r√≤ t√≥ m√°a w√°y√©.	positive
Mo f·∫πÃÅr√†n f√≠√¨m√π y√¨√≠ gan-an	positive
F√≠l√≠√¨m√π T√≥ W√† L√°√†√°r√≠n √Äw·ªçn √à√®y√†n D√≠√®Ã£	positive
√¨t√†n t√≥ fani m√≥Ã£ra t√≥ s√¨ ·π£e√© foj√∫ r√≠ gan-an ni √¨t√†n n√°√† y√†t√≤Ã£ s√≠ f√≠√¨m√π ar√° N√†√¨j√≠r√≠√†.	positive
√ì y·∫π k√≠ n r√≠ √¨t√†n t√≥ w√∫l√≤ gan-an, √≥ s√¨ gb√©·π£√©Ã£ gan-an, √≥ d√°ra gan-an l√°ti m√°a b√° √†w·ªçn √≤·π£√®r√© Hollywood √†ti Nollywood ·π£i·π£√©Ã£.	positive
Fresh POV. . . k√¨ √≠ ·π£e ir√∫ sinim√° t√≠ a ti ≈Ñ l√≤ n√≠ √†gb√°y√© √¨h√† √¨w·ªçÃÄ o√≤r√πn ay√©, √†m√≥Ã£ k√¨ √≠ ·π£e √¨t√†n kan ·π£o·π£o ni √¨·π£·∫πÃÄl·∫πÃÄ n√°√† ≈Ñ s·ªç, √≥ t√∫n ≈Ñ s·ªç n√≠pa √†w·ªçn √†w√≤Ã£ √†ti √†·π£√† √†gb√®gb√® t√≠ √¨·π£√®Ã£l√®Ã£ n√°√† ti w√°y√©.	positive
"""√ås·ªçf√∫nni"" m√°a ≈Ñ ·π£i·π£√©Ã£ d√°ad√°a t√≥ b√° w√† n√≠n√∫ √¨pay√† t√≥ ≈Ñ b√°ni f√≠nra t√≥ ≈Ñ b√° ·ªçm·ªçb√¨nrin t√≥ ≈Ñ k√≥pa n√≠n√∫ er√© n√°√† f√≠nra n√≠gb√† t√≥ ≈Ñ s·ªç √≤Ã£r√≤Ã£ r√®Ã£, k√≤ s√¨ d√°j√∫ b√≥y√° √®t√≤ n√°√† √° m√°a ·π£e ohun t√≥ t√≥Ã£ s√≠ i t√≠t√≠ d√¨gb√† t√≥ m√°a par√≠ √¨·π£√®Ã£l√®Ã£ t√≥ ≈Ñ d√°ni l√°gara y√¨√≠."	positive
N√≠n√∫ f√≠√¨m√π kan t√≥ d√† b√≠i p√© √≥ y·∫π k√≠ √≥ j√©Ã£ er√© √¨t√†g√© k√©ker√©, a m√°a ≈Ñ t√®Ã£ l√© √†j·ªç·π£e kan, t√≥ ≈Ñ d√†gb√† di √¨d√≠l√© kan, n√≠ ·ªçd√∫n m√©j√¨l√©l√≥g√∫n n√≠ N√†√¨j√≠r√≠√†.	positive
N√≠k·∫πy√¨n, √≤Ã£kan t√≥ d√°ra. . . . √åw√© t√≠ k√≤ ·π£e√© j√° n√≠ koro l√°ti in√∫ il√© √¨gbaj√† Ayo Makun t√≥ fi √¨f√©Ã£ t√≤√≥t√≥Ã£ k√∫n in√∫ ·ªçk√†n r√®Ã£.	positive
f√≠√¨m√π t√≥ d√°ra j√π l·ªç n√≠ n√†√¨j√≠r√≠√† t√≠ mo ti r√≠. f√≠√¨m√π y√¨√≠ y√† m√≠ l·∫πÃÅnu! √≥ j·∫πÃÅ ·∫πÃÄd√° t√≥ ≈Ñ d√°ni l·∫πÃÅnu, k√≤ s√¨ ·π£e√© foj√∫ r√≠. mo f·∫πÃÅr√†n b√≠ √¨t√†n n√°√† ·π£e j·∫πÃÅ oj√∫l√≥w√≥ t√≥, √≥ s√¨ b√° ohun t√≥ ≈Ñ l·ªç n√≠ n√†√¨j√≠r√≠√† mu n√≠sins√¨ny√≠. er√© n√°√† d√°ra gan-an - sol√† sobowale j·∫πÃÅ √¨t√†n √†t·∫πÃÄy√¨nw√°!	positive
√ì d√°ra gan-an, √≥ m√≥Ã£k√†n ·∫πni w√∫, √≥ s√¨ t√∫n j√©Ã£ √≤Ã£n√† t√≥ d√°ra j√π l·ªç l√°ti fi h√†n p√© √®√®y√†n ni.	positive
√Äk·ªçl√© t√≥ d√°ra, mo n√≠ √¨farad√† gan-an n√≠n√∫ √†k·ªçl√© y√¨√≠, √≥ ≈Ñ d√πn m√≠ gan-an √≥ s√¨ ≈Ñ d√°ni l√°gara.	positive
Mo f·∫πÃÅr√†n f√≠√¨m√π y√¨√≠ gan - an, √≥ d√°ra gan - an, mo s√¨ f√©Ã£ k√≠ √≥ m√°a b√° a l·ªç, mo s√¨ f√©Ã£ k√≠ √≥ m√°a b√° a l·ªç n√≠gb√† t√≠ a √≥ b√° fi √®Ã£√®Ã£mej√¨ k·∫πta √†ti √¨k·∫πrin j√°de.	positive
√ày√≠ ni √≤√≥t√≥Ã£ n√≠pa b√≠ ·ªçm·ªç √†k√≥Ã£b√≠ ·π£e ≈Ñ ·π£√†·π£√¨·π£e n√≠n√∫ il√© t√≥ n√≠ ·ªçr√≤Ã£ n√≠l√®Ã£ √Åf√≠r√≠k√†.	positive
√¨t√†n √†gb√†yanu... f√≠√¨m√π y√¨√≠ n√≠ ·∫πÃÄk·ªçÃÅ √¨w√† rere t√≥ p√≤Ã£ gan-an. √¨tum√≤Ã£ ipa t√≥ d√°ra gan-an l√°t·ªçÃÄd·ªçÃÄ Zainab Balogun. b√≠ o b√° ti p√†d√°n√π √≤Ã£n√† r·∫π, f√≠√¨m√π y√¨√≠ n√¨kan lo n√≠l√≤ l√°ti t√∫n ·ªçÃÄn√† r·∫π l·ªç s√≥Ã£d√≤Ã£ ·ªål√≥Ã£run.	positive
F√≠√¨m√π t√≥ ≈Ñ fa √¨y·ªçÃÅn√∫, t√≥ s√¨ ≈Ñ ·π£√≤f√≤ d√≠√®Ã£...	positive
√ì ·π£e kedere p√© ohun t√≥ ≈Ñ gb√≥Ã£ ni ohun t√≥ ≈Ñ gb√≥Ã£, √≥ s√¨ m√°a ≈Ñ ·π£e √†w·ªçn n«πkan t√≥ m√°a ≈Ñ m√∫ k√≠ w√≥Ã£n m√°a b√° a j√†.	positive
f√≠√¨m√π t√≥ d√°ra j√π l·ªç n√≠ n√†√¨j√≠r√≠√† t√≠ a ti r√≠ l√°t√¨gb√† p√≠p√©Ã£ y√¨√≠. f√≠√¨m√π √†gb√†yanu kan t√≠ mo fi ≈Ñ ·π£√†k√≠y√®s√≠ √†·π£√† √†ti √®t√≤ f√≠√¨m√π n√†√¨j√≠r√≠√†	positive
√åt√†n t√≥ ≈Ñ bani n√≠n√∫ j·∫πÃÅ, √†m√≥Ã£ t√≥ ≈Ñ m√∫ni ron√∫ jinl·∫πÃÄ gan-an. . . √åt√†n y√¨√≠ ≈Ñ bani n√≠n√∫ j·∫πÃÅ gan-an. Mo n√≠ √¨b√†n√∫j√©Ã£ gidigidi n√≠pa Enitan, mi √≤ l√® foj√∫ in√∫ wo ohun t√≥ ti ·π£e n√≠gb√† ·ªçm·ªçd√© r·∫πÃÄ. √åy√≠pad√† t√≥ ·π£e y√¨√≠ ·π£e kedere. N√≠ √¨par√≠ √≤pin, √≥ s·ªç ·∫πni t√≠ Enitan j√©Ã£, ohun t√≥ s√¨ y√† m√≠ l√©Ã£nu gan-an. √ì m√∫ k√≠ f√≠√¨m√π n√°√† w√° s√≠ ip√≤ t√≥ y√≠ pad√† n√≠n√∫ √®r√≤ ·ªçk√†n.	positive
√ì d√°ra gan-an, f√≠√¨m√π t√≥ d√°ra gan-an, √¨s·ªçf√∫nni t√≥ d√°ra gan-an √†ti √¨t√†n t√≥ d√°ra gan-an.	positive
Romper Stomper p·∫πlu ·∫πÃÄr·ªç ·∫πÃÄr·ªç ·∫πÃÄr·ªç ·∫πÃÄr·ªç ·∫πÃÄr·ªç ·∫πÃÄr·ªç ·∫πÃÄr·ªç ·∫πÃÄr·ªçÃÄ ·∫πÃÄr·ªçÃÄ ·∫πÃÄr·ªçÃÄ ·∫πÃÄr·ªçÃÄ ·∫πÃÄr·ªçÃÄ ·∫πÃÄr·ªçÃÄ ·∫πÃÄr·ªçÃÄ ·∫πÃÄr·ªçÃÄ ·∫πÃÄr·ªçÃÄ ·∫πÃÄr·ªçÃÄ ·∫πÃÄr·ªçÃÄ ·∫πÃÄr·ªçÃÄ ·∫πÃÄr·ªçÃÄ ·∫πÃÄr·ªçÃÄ ·∫πÃÄr·ªçÃÄ ·∫πÃÄr·ªçÃÄr·ªçÃÄ ·∫πÃÄr·ªçÃÄ ·∫πÃÄr·ªçÃÄr·ªçÃÄ ·∫πÃÄr·ªçÃÄ ·∫πÃÄr·ªçÃÄ ·∫πÃÄr·ªçÃÄ ·∫πÃÄr·ªçÃÄ ·∫πÃÄr·ªçÃÄr·ªçÃÄ ·∫πÃÄr·ªçÃÄ ·∫πÃÄr·ªçÃÄ ·∫πÃÄr·ªçÃÄ ·∫πÃÄr·ªçÃÄ ·∫πÃÄr·ªçÃÄ ·∫πÃÄr·ªçÃÄ ·∫πÃÄr·ªçÃÄ ·∫πÃÄr·ªçÃÄ ·∫πÃÄr·ªçÃÄ ·∫πÃÄr·ªçÃÄ ·∫πÃÄr·ªçÃÄ ·∫πÃÄr·ªçÃÄ ·∫πÃÄr·ªçÃÄ ·∫πÃÄr·ªçÃÄ ·∫πÃÄr·ªçÃÄ ·∫πÃÄr·ªçÃÄ ·∫πÃÄr·ªçÃÄr·ªçÃÄ ·∫πÃÄr·ªçÃÄ ·∫πÃÄr·ªçÃÄ ·∫πÃÄr·ªçÃÄ ·∫πÃÄr·ªçÃÄ ·∫πÃÄr·ªçÃÄ ·∫πÃÄr·ªçÃÄ ·∫πÃÄr·ªçÃÄ ·∫πÃÄr·ªçÃÄ ·∫πÃÄr·ªçÃÄ ·∫πÃÄr·ªçÃÄ ·∫πÃÄr·ªçÃÄ ·∫πÃÄr·ªçÃÄ ·∫πÃÄr·ªçÃÄ ·∫πÃÄr·ªçÃÄ ·∫πÃÄr·ªçÃÄ ·∫πÃÄr·ªçÃÄ ·∫πÃÄr·ªçÃÄ ·∫πÃÄr·ªçÃÄ ·∫πÃÄr·ªçÃÄ ·∫πÃÄr·ªçÃÄ ·∫πÃÄr·ªçÃÄ ·∫πÃÄ·ªçÃÄr·ªçÃÄ ·∫πÃÄ·ªçÃÄr·ªçÃÄ ·∫πÃÄ·ªçÃÄ·ªçÃÄr·ªçÃÄ ·∫πÃÄ·ªçÃÄr·ªçÃÄ ·∫πÃÄ·ªçÃÄr·ªçÃÄ ·∫πÃÄ·ªçÃÄr·ªçÃÄ ·∫πÃÄ·ªçÃÄ·ªçÃÄr·ªçÃÄ·ªçÃÄ·ªçÃÄ·ªçÃÄr·ªçÃÄ·ªçÃÄ·ªçÃÄr·ªçÃÄ·ªçÃÄ·ªçÃÄ·ªçÃÄr·ªçÃÄ·ªçÃÄ·ªçÃÄ·ªçÃÄr·ªçÃÄ·ªçÃÄ·ªçÃÄ·ªçÃÄ·ªçÃÄr·ªçÃÄ·ªçÃÄ·ªçÃÄ·ªçÃÄ·ªçÃÄ·ªçÃÄr·ªçÃÄ·ªçÃÄ·ªçÃÄ·ªçÃÄ·ªçÃÄ·ªçÃÄr·ªçÃÄ·ªçÃÄ·ªçÃÄ·ªçÃÄ·ªçÃÄ·ªç	positive
√ì d√°ra gan-an f√∫n √†w·ªçn ob√¨nrin (b√≠ √†w·ªçn ·ªçk√πnrin n√°√†). . N√≠n√∫ ay√© kan t√≠ a ti ≈Ñ fi √®Ã£m√≠ ·π£ohun-t√©Ã£gb√©Ã£-≈Ñ-·π£e m√∫ k√≠ √†w·ªçn ob√¨nrin m√°a w√≤ s√†n ju tiw·ªçn l·ªç, t√≠ w√≥Ã£n s√¨ ≈Ñ gb√© ju ohun t√≠ w·ªçÃÅn l√® gb√© l·ªç, √®t√≤ y√¨√≠ ≈Ñ s√¨n g√©Ã£g√©Ã£ b√≠ ohun √®l√≤ t√≥ d√°ra f√∫n √¨k·ªçÃÅnil√©Ã£k√≤Ã£√≥Ã£ n√≠pa ow√≥ l√°ti dar√≠ w·ªçn s√≠ √®t√≤ t√≥ m√≥Ã£gb√≥Ã£n d√°n√≠ n√≠pa ow√≥ w·ªçn √†ti √†«πf√†√†n√≠ t√≠ √¨t√©Ã£l√≥Ã£r√πn t√≥ ≈Ñ w√°y√© p·∫πÃÅ m√°a ≈Ñ n√≠. √ì, √≥ s√¨ t√∫n ≈Ñ gb√°d√πn m√≥Ã£ni!	positive
A √≥√≤ m√°a lo √≤we n√°√†, a √≥ s√¨ m√°a r√°nt√≠ ay√≤Ã£ t√° a n√≠ l√°ti wo √¨t√≤l√©Ã£s·∫π·∫πs·∫π y√¨√≠.	positive
√ì d√°ra f√∫n √¨b·∫πÃÄr·∫πÃÄ... ohun t√≥ r·ªçr√πn gan-an t√≠ k√≤ n√≠ f√∫nni n√≠ n«πkan tuntun, √†y√†fi b√≠ √≥ ·π£e j·∫πÃÅ f√≠√¨m√π t√≥ n√≠ √†k√≤r√≠ K√©r√©s√¨mes√¨ n√≠ N√†√¨j√≠r√≠√† √†k·ªçÃÅk·ªçÃÅ.	positive
F√¨l√≠√¨m√π t√≥ d√°ra gan-an, t√≥ s√¨ n√≠ √®Ã£k√≥Ã£ t√≥ d√°ra! . . . . f√≠l√≠√¨m√π y√¨√≠ j√©Ã£ √¨t√†n √†r√≤s·ªç n√≠pa ·ªçm·ªçd√©k√πnrin kan t√≥ f√©Ã£ fi ·ªçw√≥Ã£ r√®Ã£ yanj√∫ √†w·ªçn n«πkan d√≠p√≤ k√≥ m√°a j√≥k√≤√≥ l√©Ã£y√¨n il√© √¨d√°n√°.	positive
√Äw·ªçn √†l√†y√© y√¨√≠ ≈Ñ m√∫ k√° r√≠ ohun t√≥ ≈Ñ ·π£·∫πl√®Ã£ n√≠n√∫ ay√© √†tohun t√≥ ≈Ñ ·π£·∫πl√®Ã£ n√≠n√∫ ay√© √†tohun t√≥ ≈Ñ ·π£·∫πl√®Ã£ n√≠n√∫ √≤Ã£p√≤Ã£ √†w·ªçn √≤Ã£d√≥Ã£, p√†√°p√†√° √†w·ªçn ak√©Ã£k√≤Ã£√≥Ã£, p√†√°p√†√° √†w·ªçn ob√¨nrin.	positive
Crazy,Lovely,Cool... ...√¨y√°j√∫ ob√¨nrin ·ªçm·ªç N√†√¨j√≠r√≠√† t√≠ mo f·∫πÃÅr√†n j√π l·ªç, Adesua Etomi-wellington m√∫ mi w√° s√≠ √¨t√≤l√©Ã£s·∫π·∫πs·∫π t·∫πlif√≠·π£√≤Ã£n y√¨√≠, mi √≤ s√¨ k√°b√†√°m·ªçÃÄ, √≥ d√πn m√≠ l√°ti r√≠ er√© t√≥ d√°ra, √¨w√© t√≥ d√°ra gan-an l√≥r√≠ f√≠fi r√≠ i, gbogbo √†w·ªçn oj√∫l√πm√≤Ã£ p√†t√†k√¨ l√≥ n√≠ ohun t√≥ ·π£e p√†t√†k√¨, w·ªçn √≤ s√¨ ju √†w·ªçn oj√∫l√πm√≤Ã£ t√≥ d√°ra l·ªç, √¨t√≤l√©Ã£s·∫π·∫πs·∫π k√≤Ã£kan l√® d√∫r√≥ t√¨ √≠ l·ªçÃÅn√† √†d√°ni, √≥ s√¨ l√® fi √†w·ªçn √¨y√≠pad√† in√∫ √¨t√†n h√†n, b√≠ ·∫πnik·∫πÃÅni b√° ≈Ñ w√° √†k√†n·π£e t√≥ d√°ra, ·∫π √≤ l√® ·π£e √†·π£√¨·π£e kankan n√≠pa ohun iyeb√≠ye N√†√¨j√≠r√≠√† y√¨√≠	positive
√ì m√† d√πn o, n√≠tor√≠ p√© √≥ l√® j√©Ã£ ohun t√≥ ≈Ñ k√≥ni l√°√†m√∫ o, √†m√≥Ã£ n√≠ b√°y√¨√≠, √≥ j√©Ã£ √†k√≥k√≤ t√≥ ≈Ñ ·π£eni l√≥Ã£k√†n gan-an.	positive
Mo gb√°d√πn r·∫πÃÄ gan-an, √≥ d√°a gan-an l√°ti in√∫ il√© √¨taj√† √†w·ªçn f√≠√¨m√π Hollywood, k√¨ √≠ ·π£e √†k√≥k√≤ t√≠ mo fi ≈Ñ ·π£√≤f√≤.	positive
√Är√† √≤Ã£t√≤Ã£!! Mo m√°a ≈Ñ gb√©ra ga l√≥r√≠ √¨·π£·∫πÃÄl·∫πÃÄ Nollywood y√¨√≠!!	positive
Orin ti o y√†t·ªçÃÄ s√≠ra. ...Aran ti o wuyi, ti a s·ªç daradara ati ti a ·π£e afihan. Ohun gbogbo lati aw·ªçn ibi si ohun elo, aw·ªçn o·π£ere, a·π£·ªç, paapaa ede & ati ifihan ti a·π£a j·∫π ·∫πmi-ara-ara-ara-ara.	positive
√ì ·π£e t√°n, √≥ t√∫n m√°a ≈Ñ ·π£e √†w·ªçn √®√®y√†n b√≠i m√©l√≤√≥ kan b√≠i ti t·∫πÃÅn√¨ kan t√≥ ≈Ñ gb√© n√≠ √¨l√∫ kan t√≥ w√† n√≠l√π√∫ New York, n√≠l√π√∫ New York, l√≥r√≠l√®Ã£-√®d√® Am√©Ã£r√≠k√†, t√≥ s√¨ ≈Ñ gb√© n√≠ √¨l√∫ New York.	positive
·∫∏ fi ·ªçw·ªçÃÅ r·∫πÃÄ s√≠ f√≠√¨m√π t√≥ d√°ra j√π l·ªç n√≠ N√†√¨j√≠r√≠√† t√≠ mo ti r√≠.	positive
√ì d√°ra, √†m√≥Ã£ √≥ d√°ra gan-an, mo f√©Ã£r√†n b√≠ √†w·ªçn √®√®y√†n ·π£e ≈Ñ pa √®√®y√†n n√≠ N√†√¨j√≠r√≠√†, ohun t√≥ ≈Ñ ·π£·∫πl√®Ã£ n√≠b√®Ã£ k√≤ y√© mi, √≥ s√¨ ·π£e√© ka, √†m√≥Ã£ √≥ j√¨nn√† t√≥ l√°ti m√∫ k√≠ n m√°a ron√∫ n√≠pa r√®Ã£.	positive
√ì ·π£e m√≠ k√†y√©f√¨ gan-an, √≥ s√¨ ·π£e m√≠ k√†y√©f√¨ gan-an.	positive
Ohun t√≠ j√≠j√©Ã£ ·ªçm·ªç N√†√¨j√≠r√≠√† t√∫m·ªçÃÄ s√≠... ·π£e d√°ad√°a Genevieve Nnaji: f√≠√¨m√π kan f√∫n gbogbo √®n√¨y√†n l√°ti wo.	positive
√å·π£√≤ro kan p√©r√© l√≥ w√†	positive
Lionheart j·∫π fiimu ti o lagbara ti o ·π£e afihan iwa-ipa-ipa-ipa-ipa-ipa-ipa-ipa-ipa-ipa-ipa-ipa-ipa-ipa-ipa-ipa-ipa-ipa-ipa-ipa-ipa-ipa-ipa-ipa-ipa-ipa-ipa-ipa-ipa-ipa-ipa-ipa-ipa-ipa-ipa-ipa-ipa-ipa-ipa-ipa-ipa-ipa-ipa-ipa-ipa-ipa-ipa-ipa-ipa-ipa-ipa-ipa-ipa-ipa-ipa-ipa-ipa-ipa-ipa-ipa-ipa-ipa-ipa-ipa-ipa-ipa-ipa-ipa-ipa-ipa-ipa-ipa-ipa-ipa-ipa-ipa-ipa-ipa-ipa-ipa-ipa-ipa-ipa-ipa-ipa-ipa-ipa-ipa-ipa-ipa-ipa-ipa-ipa-ipa-ipa-ipa-ipa-ipa-ipa-ipa-ipa-ipa-ipa-ipa-ipa-ipa-ipa-ipa-ipa-ipa-ipa-ipa-ipa-ipa-ipa-ipa-ipa-ipa-ipa-ipa-ipa-ipa-ipa-ipa-ipa-ipa-ipa-ipa-ipa-ipa-ipa-ipa-ipa-ipa-ipa-ipa-ipa-ipa-ipa-ipa-ipa-ipa-ipa-ipa-ipa-ipa-ipa-ipa-ipa-ipa-ipa-ipa-ipa-ipa-ipa-ipa-ipa-ipa-ipa-ipa-ipa-ipa-ipa-ipa-ipa-ipa-ipa-ipa-ipa-ipa-ipa-ipa-ipa-ipa-ipa-ipa-ipa-ipa-ipa-ipa-ipa-ipa-ipa-ipa-ipa-ipa-ipa-ipa-ipa-ipa-ipa-ipa-	positive
·∫∏ÃÄyin ·ªçm·ªç mi, ·∫π j·ªçÃÄyin ·ªçm·ªç mi, ·∫π j·ªçÃÄyin ·ªçm·ªç mi, ·∫π j·ªçÃÄyin ·ªçm·ªç mi, ·∫π j·ªçÃÄyin ·ªçm·ªç mi, ·∫π j·ªçÃÄyin ·ªçm·ªç mi, ·∫π j·ªçÃÄyin ·ªçm·ªç mi, ·∫π j·ªçÃÄyin ·ªçm·ªç mi, ·∫π j·ªçÃÄyin ·ªçm·ªç mi, ·∫π j·ªçÃÄyin ·ªçm·ªç mi, ·∫π j·ªçÃÄyin ·ªçm·ªç mi, ·∫π j·ªçÃÄyin ·ªçm·ªç mi, ·∫π j·ªçÃÄyin ·ªçm·ªç mi, ·∫π j·ªçÃÄyin ·ªçm·ªç mi, ·∫π j·ªçÃÄyin ·ªçm·ªç mi, ·∫π j·ªçÃÄyin ·ªçm·ªç mi, ·∫π j·ªçÃÄyin ·ªçm·ªç mi, ·∫π j·ªçÃÄyin ·ªçm·ªç mi, ·∫π j·ªçÃÄyin ·ªçm·ªç mi, ·∫π j·ªçÃÄyin ·ªçm·ªç mi, ·∫πÃÄyin ·ªçm·ªç mi, ·∫πÃÄyin ·ªçm·ªç mi, ·∫πÃÄyin ·ªçm·ªç mi, ·∫πÃÄyin mi, ·∫πÃÄyin ·ªçm·ªç mi, ·∫πÃÄyin mi, ·∫πÃÄyin mi, ·∫πÃÄyin mi, ·∫πÃÄyin mi, ·∫πÃÄyin mi, ·∫πÃÄyin mi, ·∫πÃÄyin mi, ·∫πÃÄyin mi, ·∫πÃÄyin mi, ·∫πÃÄyin mi, ·∫πÃÄyin mi, ·∫πÃÄyin mi, ·∫πÃÄyin mi, ·∫πÃÄyin mi, ·∫πÃÄyin mi, ·∫πÃÄyin mi, ·∫πÃÄyin mi, ·∫πÃÄyin mi, ·∫πÃÄyin mi, ·∫πÃÄyin mi, ·∫πÃÄyin mi, ·∫πÃÄyin mi, ·∫πÃÄyin mi, ·∫πÃÄyin mi, ·∫πÃÄyin mi, ·∫πÃÄyin mi.	positive
√åt√†n t√≥ d√°ra gan-an, √¨d√†√†m√∫ ·ªçk√†n t√≥ w√† n√≠n√∫ f√≠√¨m√π y√¨√≠ √° m√∫ k√≥ o m√°a ·π£e d√°ad√°a, √¨tura t√≥ w√† n√≠n√∫ f√≠√¨m√π √° s√¨ m√∫ k√≥ o m√°a r√©Ã£r√¨n-√≠n.	positive
√Ät√∫n·π£e t√≥ d√°ra ni y√≥√≤ j√©Ã£ f√∫n √¨m√∫·π£·∫π √¨t√†n t√≥ d√°ra. . . . Mo n√≠ l√°ti s·ªç p√© mo gb√≥r√≠y√¨n f√∫n ol√πdar√≠ n√°√† √†ti i·π£√©Ã£ t√≥ ≈Ñ ·π£e (Ramsey Nouah).	positive
100% ni aaye. Nkankankan ti o t·ªç n ti o dara jul·ªç. Gbogbo eniyan j·∫π iyanu. O j·∫π ki ·ªçkan ni igberaga ni Nigerian üëèüëçüòò	positive
√ì d√°ra gan-an l√°ti r√≠ Sam Dede n√≠ oj√∫ iboju wa, √†ti l√°ti r√≠ i p√© √≥ ·π£√¨ j√©Ã£ √≤Ã£g√° n√≠n√∫ i·π£√©Ã£ ·ªçn√† r√®Ã£, t√≥ ≈Ñ f√∫n wa n√≠ √¨·π£e t√≥ ga j√π l·ªç.	positive
√ì d√°ra gan-an, √≥ d√°ra gan-an, √≥ d√°ra gan-an, √≥ d√°ra gan-an, √≥ d√°ra gan-an.	positive
√ì m√°a ≈Ñ wu √†w·ªçn √®√®y√†n l√°ti m√°a s√≤Ã£r√≤Ã£ n√≠pa √¨b√°l√≤p√≤Ã£ w·ªçn, w√≥Ã£n s√¨ m√°a ≈Ñ fi √¨r√®Ã£w√®Ã£s√¨ b√° ara w·ªçn n√≠gb√† t√≠ n«πkan b√° ≈Ñ l·ªç b√©Ã£√®Ã£.	positive
√ì m√°a ≈Ñ w√π m√≠ gan-an l√°ti m·ªç b√≠ w√≥Ã£n ·π£e k·ªç orin n√°√†, Amazing Grace.	positive
F√¨l√≠√¨m√π y√¨√≠ w√≤Ã£ m√≠ l√≥Ã£k√†n gan-an n√≠pa in√∫ rere √†√¨l√©Ã£t√≤Ã£√≥Ã£s√≠ ·ªål√≥Ã£run!	positive
K√¨ √≠ ·π£e p√© √≤Ã£r√≤Ã£ n√°√† √≤ k√†n gba √†w·ªçn t√≥ ≈Ñ w√≤ √≥ l√≥Ã£k√†n, √†m√≥Ã£ √≥ t√∫n j√©Ã£ p√© √≤Ã£r√≤Ã£ t√≥ ≈Ñ gb√© √†w·ªçn √®√®y√†n l√≥Ã£k√†n s√≥k√® ni k√≤ t√≥bi j√π l·ªç, k√≤ s√¨ n√≠ k√≥ni n√≠n√∫.	negative
B√≠ √†p·∫π·∫πr·∫π, f√≠√¨m√π y√¨√≠ ti p·∫πÃÅ, √≥ s√¨ ≈Ñ m√∫ni l√≥Ã£k√†n k√∫r√≤, orin in√∫ r√®Ã£ k√≤ s√¨ n√≠ l√°√°r√≠, k√≤ s√¨ s√≠ ohun t√≥ l√® ·π£e l√°ti d√° f√≠√¨m√π n√°√† pa m√≥Ã£.	negative
√íÃ£n√† t√≥ d√°ra gan-an l√°ti fi ba ·ªçj√≥Ã£ r·∫π j√©Ã£ p√°t√°p√°t√°	negative
ohun t√≥ ≈Ñ m√∫ni ·π£√†n√≠y√†n	negative
√Äw·ªçn t√≥ w√† n√≠n√∫ Swallow m√°a ≈Ñ m√∫ k√≠ ·∫πnik√©Ã£ni sunk√∫n - ip√≤ √≤·π£√¨, √¨y·ªçÃÅnu √¨b√°l√≤p√≤Ã£, ·ªçj√† o√≤g√πn ol√≥r√≥, √¨w√† √¨b√†j√©Ã£ t√≥ gb√≤de kan - √†m√≥Ã£ f√≠√¨m√π n√°√† √†ti gbogbo √†w·ªçn √®√®y√†n t√≥ w√† n√≠n√∫ r√®Ã£ k√≤ n√≠ √¨m√≠ √®Ã£d√πn kankan.	negative
B√≥ til√®Ã£ j√©Ã£ p√© ohun t√≥ ≈Ñ gb√©ni r√≥ j√π l·ªç n√≠n√∫ er√© n√°√† ni p√©, b√≠ √≤Ã£r√≤Ã£ Farming ·π£e m√°a ≈Ñ d√πn √∫n w√≤ k√≤ ·π£e j√©Ã£ k√≠ √≤Ã£r√≤Ã£ n√°√† r√≠ b√©Ã£√®Ã£, √®y√≠ s√¨ m√∫ k√≥ ·π£√≤ro f√∫n √†w·ªçn √®√®y√†n l√°ti m√°a wo ohun t√≥ ≈Ñ ·π£·∫πl√®Ã£.	negative
√Äw·ªçn √¨t√†n t√≠ k√≤ b√°ra mu √†ti √†w·ªçn ohun √¨yanu t√≥ ≈Ñ ·π£·∫πl√®Ã£ n√≠n√∫ √¨t√†n n√°√† k√≤ ·π£e√© gb√†gb√©.	negative
K√≤ s√≠ ·∫πn√¨ kan t√≥ √≤ ≈Ñ fi √¨t√¨j√∫ b√° wa n√≠gb√† t√° a k√∫r√≤ n√≠l√π√∫.	negative
B√°kan n√°√†, i·π£√©Ã£ √†gb√®Ã£ t√∫n l√® j√©Ã£ ohun t√≥ ≈Ñ m√∫ni ron√∫ jinl√®Ã£, t√≥ s√¨ ≈Ñ m√∫ni l√≥Ã£k√†n le, √≥ s√¨ j√©Ã£ k√° r√≠ i p√© √≥ l√©wu gan-an p√© k√©√®y√†n k√≥r√¨√≠ra ara r√®Ã£.	negative
√íÃ£n√† t√≥ bur√∫ j√π l·ªç l√°ti b√®Ã£r√®Ã£ ·ªçd√∫n ni p√©, 'Akpe' j√©Ã£ √†r√≠y√†njiy√†n.	negative
O l√® m√° k√≥r√¨√≠ra ara r·∫π n√≠tor√≠ p√© o r√≠ 'Superstar' √†m√≥Ã£ o m√°a ≈Ñ r√≠ i p√© o √≤ l√® m·ªç n«πkan kan, w√†√° s√¨ m√°a w√† n√≠n√∫ √†√°r√®Ã£.	negative
√ì d√°j√∫ p√© k√≤ n√≠ d√°a k√≠ n fi √®y√≠ s√≠l√®Ã£ f√∫n gbogbo √†w·ªçn t√≥ ≈Ñ ·π£e er√© n√°√†.	negative
B√≠i ti √†w·ªçn i·π£·∫πÃÅ m√¨√≠r√†n t√≠ k√≤ d√°ra b√≠i tir·∫π, 'Knock Out Blessing' ni a ·π£e f√∫n √¨d√≠ p√†t√†k√¨ l√°ti fi ·π£e √¨j√¨nl√®Ã£ √¨j·∫πÃÅra √†w·ªçn ol√π·π£√®·π£√®w√°d√¨√≠ d√≠p√≤ k√≠ √≥ m√∫ k√≠ √†w·ªçn ol√πgb√≥Ã£ n√≠ N√†√¨j√≠r√≠√† l√°y√≤Ã£.	negative
Akinnuoye-Agbaje k√≤ m·ªç ·∫πni t√≠ Eni j√©Ã£.	negative
Oj√∫ ·∫πÃÄy√¨n ni √†√°d√≥Ã£ta √¨·π£√©Ã£j√∫ t√≠ w·ªçÃÅn fi ≈Ñ pol√≥w√≥ il√© √¨tura kan n√≠ √¨l√∫ Lagos, f√≠√¨m√π s√¨ ≈Ñ par√≠ l·ªç.	negative
√ì m√† d√πn m√≥Ã£ mi o o, p√© '√Äw√πj·ªç √Äw·ªçn ·ªåm·ªç O·π£√π' j√©Ã£ √†b√°y·ªç f√∫n √†w·ªçn t√≥ n√≠ √≤Ã£p√≤Ã£ ·ªçl√°.	negative
t√≠ mo b√° s·ªç f√∫n y√≠n p√© f√≠√¨m√π t√≥ fani m√≥Ã£ra ni, ≈Ñ·π£e ni m√†√° par√≥Ã£.	negative
B√≥ til√®Ã£ j√©Ã£ p√© √≥ p√©Ã£ t√≥ fi m√°a ≈Ñ p√©Ã£, √¨·π£√≤ro t√≥ w√† n√≠n√∫ 'Funke' ni p√© √≥ m√°a ≈Ñ s√∫ni, k√≤ s√¨ m√°a ≈Ñ k√≥ √¨b√†j√©Ã£ b√°ni.	negative
K√≤ y·∫π k√≠ n ·π£e b√©Ã£√®Ã£!	negative
N√≠k·∫πy√¨n, √®y√≠ ni ohun t√≠ k√≤ d√°ra t√≠ k√≤ y·∫π k√≠ w√≥Ã£n gb√© w√° s√≠ sinim√°.	negative
O ·π£e pataki lati ·π£e akiyesi pe aw·ªçn ohun elo ti o wa ni isal·∫π ni o wa ni aw·ªçn ohun elo ti o ni im·ªçran ti o ni im·ªçran ti o ni im·ªçran ti o ni im·ªçran ti o ni im·ªçran ti o ni im·ªçran ti o ni im·ªçran ti o ni im·ªçran ti o ni im·ªçran ti o ni im·ªçran ti o ni im·ªçran ti o ni im·ªçran ti o ni im·ªçran ti o ni im·ªçran ti o ni im·ªçran ti o ni im·ªçran ti o ni im·ªçran ti o ni im·ªçran ti o ni im·ªçran ti o ni im·ªçran ti o ni im·ªçran ti o ni im·ªçran ti o ni im·ªçran ti o ni im·ªçran ti o ni im·ªçran ti o ni im·ªçran ti o ni im·ªçran ti o ni im·ªçran ti o ni im·ªçran ti o ni im·ªçran ti o ni im·ªçran ti o ni im·ªçran ti o ni im·ªçran ti o ni im·ªçran ti o ni im·ªçran ti o ni im·ªçran ti o ni im·ªçran ti o ni im·ªçran ti o ni im·ªçran ti o ni im·ªçran ti o ni im·ªçran ti o ni im·ªçran ti o ni im·ªçran ti o ni im·ªçran ti o ni im·ªçran ti o ni im·ªçran ti o ni im·ªçran ti o ni im·ªçran ti o ni im·ªçran ti o ni im·ªçran ti o ni im·ªçran ti o ni im·ªçran ti o ni im·ªçran ti o ni im·ªçran ti o ni im·ªçran ti o ni im·ªçran ti o ni im·ªçran ti o ni im·ªçran ti o ni im·ªçran ti o ni im·ªçran ti o ni im·ªçran ti o ni im·ªçran ti o ni im·ªçran ti o ni im·ªçran ti o ni im·ªçran ti o ni im·ªçran ti o ni im·ªçran ti o ni im·ªçran ti o ni im·ªçran ti o ni im·ªçran ti o ni im·ªçran ti o ni im·ªçran ti o ni im·ªçran ti o ni im·ªçran ti o ni im·ªçran ti o ni im·ªçran ti o ni im·ªçran ti o ni im·ªçran ti o ni im·ªçran ti o ni im·ªçran ti o ni im·ªçran ti o ni im·ªçran ti o ni im·ªçran ti o ni im·ªçran ti o ni im·ªçran ti o ni im·ªçran ti o ni im·ªçran ti o ni im·ªçran ti o ni im·ªçran ti o ni im·ªçran ti o ni im·ªçran ti o ni im·ªçran ti o ni im·ªçran ti o ti o	negative
iye √†w·ªçn √¨w√† √¨k√† t√≠ ·ªçm·ªç ·ªçd√∫n m·∫πÃÅf√† y√¨√≠ h√π n√≠n√∫ f√≠√¨m√π y√¨√≠ ti di √®y√≠ t√≥ p√≤Ã£ j√π l√°ti k√†.	negative
√ì d√°ra f√∫n √†w·ªçn ·ªçm·ªç ·ªçd√∫n m√©Ã£r√¨nl√°, √≥ s√¨ ·π£e b√≠i √¨t√†n Disney t√≥ m√≥Ã£ t√≥n√≠t√≥n√≠, √≥ s√¨ n√≠ √¨b√†l√®Ã£ ·ªçk√†n.	negative
√Äw·ªçn n«πkan t√≥ ≈Ñ ·π£e √†w·ªçn √®√®y√†n b√≠i m√©l√≤√≥ kan √†ti √†w·ªçn √†k√≥k√≤ t√≠ w√≥Ã£n ≈Ñ fi √¨m√°rale ·π£e n«πkan l√≥Ã£n√† t√≥ ≈Ñ m√∫ k√≠ w√≥Ã£n m√°a ·π£e n«πkan l√≥Ã£n√† t√≥ ≈Ñ m√∫ k√≠ w√≥Ã£n m√°a ·π£e n«πkan l√≥Ã£n√† t√≥ ≈Ñ m√∫ k√≠ w√≥Ã£n m√°a ·π£e n«πkan l√≥Ã£n√† t√≥ ≈Ñ m√∫ k√≠ w√≥Ã£n m√°a ·π£e n«πkan l√≥Ã£n√† t√≥ ≈Ñ m√∫ k√≠ w√≥Ã£n m√°a ·π£e n«πkan l√≥Ã£n√† t√≥ ≈Ñ m√∫ k√≠ w√≥Ã£n m√°a ·π£e n«πkan l√≥Ã£n√† t√≥ ≈Ñ m√∫ k√≠ w√≥Ã£n m√°a ·π£e n«πkan l√≥Ã£n√† t√≥ ≈Ñ m√∫ k√≠ w√≥Ã£n m√°a ·π£e n«πkan l√≥Ã£n√† t√≥ ≈Ñ m√∫ k√≠ w√≥Ã£n m√°a ·π£e n«πkan l√≥Ã£n√† t√≥ ≈Ñ ·π£e w√≥Ã£n l√≥Ã£n√† t√≥ ≈Ñ ·π£e b√≠i ti t·∫πlif√≠·π£√≤Ã£n.	negative
√ì k√©r√© t√°n, √≤Ã£r√≤Ã£ n√°√† k√≤ t√≥ n«πkan, √≥ s√¨ ·π£e√© foj√∫ s√≥Ã£n√† f√∫n.	negative
√Äm√≥Ã£, √≥ ·π£eni l√°√†√°n√∫ p√©, √†w·ªçn √†k√≥k√≤ t√≥ ≈Ñ t√†n k√°l·∫πÃÄ y√¨√≠ k√≤ t√≥ n«πkan t√≠ w√≥Ã£n l√® ·π£e l√°ti fi sanw√≥ ≈Ñl√°«πl√† l√°ti r√≠ √®y√≠.	negative
Y√†t√≤Ã£ s√≠y·∫πn, √≥ ·π£e kedere p√© ohun t√≥ ≈Ñ ·π£·∫πl√®Ã£ l√°√†√°r√≠n Joseph √†ti √¨y√†w√≥ r√®Ã£ k√¨ √≠ ·π£e ohun t√≥ ≈Ñ ·π£·∫πl√®Ã£, √†m√≥Ã£ mo r√≤ p√© √¨w√© t√≥ ≈Ñ gb√©ni r√≥ ni √®y√≠ ju f√≠√¨m√π l·ªç.	negative
N√≠tor√≠ n√°√†, √†w·ªçn t√≥ ≈Ñ gb√≥Ã£ √≤Ã£r√≤Ã£ n√°√† m√°a ≈Ñ gb√≥Ã£ oh√πn √†w·ªçn t√≥ ≈Ñ gb√≥Ã£ √≤Ã£r√≤Ã£ n√°√† l√°t√¨gb√†d√©gb√†	negative
K√≤ s√≠ ·∫πni t√≥ y·∫π k√≠ √≥ wo f√≠√¨m√π t√≠ k√≤ d√°ra y√¨√≠.	negative
Snooze Fest, k√≤ s√≠ √¨t√†n p√∫p·ªçÃÄ, √†w·ªçn orin t√≥ ≈Ñ ·π£e √†r√≠y√†njiy√†n	negative
t√≥ o b√° fi ADR t√≥ bur√∫ j√°√¨ k√∫n un, t√≥ o s√¨ fi n«πkan t√≥ bur√∫ j√°√¨ k√∫n un, w√†√° n√≠ √†l√° √†b√°y·ªç.	negative
K√≤ n√≠ ·π£e gbogbo n«πkan l√°pap·ªçÃÄ, ·π£√πgb·ªçÃÅn √≥ bur√∫ t√≠ √†w·ªçn t√≥ ≈Ñ ·π£e √†w·ªçn f√≠√¨m√π k√≤ b√° p√†d√°n√π ·∫πÃÄr·ªç n√°√†, t√≠ w·ªçÃÅn √° s√¨ k·ªçs·∫πÃÄ, t√≠ w·ªçÃÅn √° s√¨ m√°a ·π£√≤f√≤, t√≠ w·ªçÃÅn √° s√¨ m√°a fi n«πkan y√¨√≠ ·π£e n«πkan t√≠t√≠ t√≠ f√≠√¨m√π w·ªçn n√≠ Nollywood y√≥√≤ fi t√≥bi s√≠ Bollywood, l√°√¨n√≠ √¨l√†l√≥ye, √¨b·∫πÃÄr√π t√†b√≠ √¨m√∫rat√°n l√°ti fi h√†n p√© √≥ y·∫π.	negative
√ì ≈Ñ d√† b√≠ ·∫πni t√≠ k√≤ t√≥bi, √≥ s√¨ ≈Ñ d√† b√≠ √≤m√πg√≤Ã£!	negative
√Äk·ªçl√© f√≠√¨m√π √†k√≥Ã£k√≥Ã£ t√≥ n√≠ √†b√πk√π, √†m√≥Ã£ √≥ fi h√†n p√© √≥ n√≠ √¨m√∫·π£·∫π t√≥ d√°ra	negative
N√≠ ti f√≠√¨m√π t√≠ √†w·ªçn √®√®y√†n ≈Ñ gb√© y√¨√≠, mi √≤ l√® s·ªç p√© √≥ s√†n ju √†w·ªçn t√≠ k√≤ m·ªç n«πkan kan l·ªç,	negative
O ti ·π£e n√≠n√∫ ·ªçÃÄrun j·∫πÃÅ f√≠√¨m√π √≤m√πg√≤Ã£. √ì j·∫πÃÅ √≤m√πg√≤Ã£ gan-an, √≥ m√°a ≈Ñ m√∫ ·ªç b√≠n√∫ d√©bi p√© w√†√° fi m√°a r√©Ã£r√¨n-√≠n n√≠tor√≠ √¨j√°kul√®Ã£ t√≥ k·ªçj√° √†f·∫πnus·ªç. O m√°a r·∫πj√∫ gan-an t√≥ o b√° ≈Ñ wo f√≠√¨m√π n√°√†, o √≤ n√≠ l√® r√≠ ara r·∫π p√© o k√†n ≈Ñ gb√°d√πn √¨w√† √≤m√πg√≤Ã£ t√≠ f√≠√¨m√π √≤m√πg√≤Ã£ y√¨√≠ ≈Ñ h√π.	negative
√ì ≈Ñ r√¨n d√≠·∫πÃÄ, √≥ ≈Ñ ·π£e d√°ad√°a, √≥ s√¨ n√≠ √¨b√®Ã£r√π d√≠√®Ã£, √†m√≥Ã£ √≤pin k√≤ d√πn m√≥Ã£ni n√≠n√∫.	negative
"N√≠w·ªçÃÄn b√≠ k√≤ ti s√≠ √¨j√¨ l√≠le t√≥ d√°ra, m√° ·π£e fi ""Dagger"" y√¨√≠ pa ow√≥ r·∫π n√≠ ·ªçk√†n r·∫π."	negative
N√≠gb√† t√≠ mo s·ªç p√© ohun t√≥ ≈Ñ m√∫ k√° m√°a ·π£e er√© √¨d√°ray√° ≈Ñ s·ªç √†w·ªçn ohun t√° √† ≈Ñ s·ªç di √≤Ã£r√≤Ã£ √≤m√πg√≤Ã£, √®y√≠ j√©Ã£ √†p·∫π·∫πr·∫π t√≥ d√°ra j√π l·ªç.	negative
T√≥ o b√° ti wo Chief Daddy: Going For Broke n√≠ ·ªçd√∫n tuntun t√≥ j√°de l√≥r√≠ Netflix, t√≥ o s√¨ gb√† p√© √≥ m√°a di f√≠√¨m√π t√≥ bur√∫ j√π l·ªç n√≠ ·ªçd√∫n y√¨√≠, m√≤Ã£ p√© k√¨ √≠ ·π£e ·∫πÃÄbi r·∫π ni;	negative
√ì m√°a ≈Ñ j√©Ã£ k√≠ ·ªçk√†n √®√®y√†n b√† j√©Ã£!	negative
Snooze Fest, k√≤ s√≠ √¨t√†n p√∫p·ªçÃÄ, √†w·ªçn orin t√≥ ≈Ñ ·π£e √†r√≠y√†njiy√†n	negative
F√¨l√≠√¨m√π n√°√† k√≤ d√°ra gan-an, √≥ n√≠ √†w·ªçn √≤«πw√≤ran n√°√† ti ≈Ñ ·π£e √†·π£ej√π (√≥ ·π£e√© ·π£e k√≠ w√≥Ã£n ti ≈Ñ dar√≠ w·ªçn j√π?) √†m√≥Ã£ √†y√≠k√° t√≥ w√† n√≠n√∫ r√®Ã£ d√°ra gan-an.	negative
√ì k√©r√© t√°n, ow√≥ t√≥ p√≤Ã£ t√≥ b√©Ã£√®Ã£ k√≤ t√≥ n«πkan.	negative
Ohun t√≥ d√°ra gan-an ni, √≥ bur√∫ gan-an n√≠gb√† t√≠ w√≥Ã£n b√° ·π£e √¨w√°d√¨√≠.	negative
K√≤ y·∫π k√° ·π£e b√©Ã£√®Ã£.	negative
√åt√†n t√≥ d√°ra, er√© t√≠ k√≤ d√°ra.	negative
f√≠√¨m√π kan t√≥ n√≠ √†w·ªçn √¨r√†w√≤Ã£ t√≥ m√∫ k√≠ √†w·ªçn √¨r√†w√≤Ã£ d√† b√≠ ·∫πni p√© √†w·ªçn ≈Ñ ·π£e er√© √¨d√°ray√° n√≠n√∫ il√© ·ªçÃÄd·ªçÃÅ	negative
K√≤ y·∫π k√° ·π£e b√©Ã£√®Ã£.	negative
√ì ·π£e ohun t√≠ k√≤ d√°ra, √≥ bur√∫, √≥ ·π£e √¨t√¨j√∫, √≥ s√¨ ≈Ñ t√†n k√°l√®Ã£.	negative
B√≠ mo ·π£e ≈Ñ ·π£e f√≠√¨m√π y√¨√≠ m√∫ k√≠ n f√©Ã£r√†n r√®Ã£ gan-an, √†m√≥Ã£ √≥ ·π£√≤ro l√°ti gb√°d√πn r√®Ã£ l√°b√©Ã£ √†l√†y√© t√≠ k√≤ t√≥Ã£ n√≠pa f√≠√¨m√π t√≠ Genevieve Nnaji k·ªç.	negative
√ì d√°j√∫ p√©, √≤Ã£kan l√°ra √†w·ªçn f√≠√¨m√π √¨b√®Ã£r√π t√≥ bur√∫ j√π l·ªç t√≠ w√≥Ã£n ti ·π£e r√≠...	negative
B√≥ b√° ti√®Ã£ j√©Ã£ p√© √≤Ã£r√≤Ã£ n√≠pa f√≠fi √¨·π£er√© ·π£e er√©, √†b√° √¨w√© √¨t√†n, √≥ y√†t√≤Ã£ s√≠ ti ay√© y√¨√≠	negative
"B√≥ til√®Ã£ j√©Ã£ p√© w√≥Ã£n fi √®k√© pe ""√å·π£ek√∫·π£e"", 'Bridal Shower' k√¨ √≠ ·π£e f√≠√¨m√π √å·π£ek√∫·π£e r√°r√°."	negative
K√≤ s√≠ ohun t√≥ l√® ·π£e √©, tor√≠ p√© ow√≥ ni w√≥Ã£n ≈Ñ k√≥ j·ªç.	negative
√åj√°kul√®Ã£ T√≥ Gb√©·π£√©Ã£	negative
√ì m√°a ≈Ñ d√† b√≠ ·∫πni p√© √≥ ≈Ñ d√† √° l√°√†m√∫	negative
√ì fani m√≥Ã£ra, √†m√≥Ã£ k√≤ n√≠ agb√°ra kankan	negative
√Äw·ªçn ohun t√≥ ≈Ñ m√∫ k√≠ '√Äw√≤r√°n √Äp√©j·ªç' di √®y√≠ t√≠ k√≤ d√°ra, √≥ s√¨ ti di √®y√≠ t√≥ ≈Ñ m√∫ k√≠ w√≥Ã£n ·π£e ohun t√≥ t√≥Ã£.	negative
√ì ≈Ñ r·ªçÃÄ l·ªçÃÅn√† t√≥ ≈Ñ m√∫ k√≠ n«πkan m√°a ·π£e kedere.	negative
√†m·ªçÃÅ, ohun t√≥ ≈Ñ dunni √†ti orin t√≥ ≈Ñ k·ªçni k√≤ d√°a d√©bi p√© √≥ pa gbogbo ohun t√≥ d√°ra run	negative
Mi √≤ r√≠ gbogbo √≤Ã£r√≤Ã£ √≤m√πg√≤Ã£ y√¨√≠, k√≥d√† k√≤ s√≠ √≤Ã£r√≤Ã£ √≤m√πg√≤Ã£ t√≥ ≈Ñ m√∫ √®Ã£y√† √®√®y√†n w√° l√°t√≤Ã£d√≤Ã£ or√≠l√®Ã£-√®d√® kan n√≠ √Åf√≠r√≠k√† t√≠ k√≤ s√≠ il√© i·π£√©Ã£ sinim√°.	negative
√íÃ£r√≤Ã£ t√≥ d√°a, k√≤ s√¨ d√°ra	negative
√å·π£er√© n√°√† k√≤ d√°ra, orin n√°√† t√∫n ≈Ñ s·ªç √≥Ã£ l√©ral√©ra, √¨t√†n n√°√† s√¨ ≈Ñ s·ªç √≥Ã£ l√©ral√©ra.	negative
Ohun t√≥ ≈Ñ gb√© √¨s·ªçf√∫nni n√°√† l√°rug·∫π, √†m√≥Ã£ √≤Ã£r√†n √≤Ã£r√†n √≤Ã£r√†n √≤Ã£r√†n √≤Ã£r√†n √≤Ã£r√†n n√°√† d√°ra r√°r√°.	negative
√å·π£√®t√≤ t√≥ ≈Ñ ·π£eni l√°√†√°n√∫ √†ti t√≠ k√≤ b√≥j√∫ mu n√≠pa √¨w√© kan t√≥ n√≠ √¨j√¨nl√®Ã£ (t√≠ k√≤ t√≠√¨ fara h√†n)	negative
"K√≤ s√≠ ohun t√≥ d√°ra n√≠n√∫ ""Ir√∫ Ohun T√≥ ≈É Fi Wa B√°ra Mu""."	negative
f√≠√¨m√π y√¨√≠ k√≤ r·ªçr√πn l√°ti ·π£e, √†m·ªçÃÅ ·ªçk√†n r·∫πÃÄ √≤ t√≥ n«πkan.	negative
B√≠ f√≠√¨m√π n√°√† ·π£e ≈Ñ gb√© √¨j√≠r√≤r√≤ r·∫πÃÄ k√† n√≠pa √†j·ªç·π£e t√≥ w√† l√°√†√°r√≠n Joseph √†ti Suzy, k√≤ fi b√©√®y√†n ·π£e l√® m·ªçÃÄ n√≠pa √¨·π£·∫πÃÄl·∫πÃÄ t√≥ w√°y√© n√≠ February 13, 1976, t√≥ m√∫ k√≠ Olusegan Obasanjo w√° s√≠p√≤.	negative
·∫∏ j·ªçÃÄw·ªçÃÅ, ·∫π m√° fi ow√≥ Naira y√≠n san √®r√® f√∫n w·ªçn.	negative
f√≠√¨m√π y√¨√≠ l√≥ m√°a j√©Ã£ er√© √†r√≤jinl√®Ã£ t√≥ m√°a ≈Ñ bani n√≠n√∫ j·∫π j√π l·ªç t√° a ti r√≠.	negative
√ì ·π£e√© ·π£e k√≥ j√©Ã£ p√© √®y√≠ t√≥ bur√∫ j√π l·ªç n√≠n√∫ f√≠√¨m√π t√≠ w√≥Ã£n fi ow√≥ t√≥ p√≤Ã£ ·π£e ni.	negative
√ì ≈Ñ l·ªç p·∫πÃÅ gan-an, ≈Ñ·π£e l√≥ ≈Ñ s·ªç √†k√≥k√≤ n√π.	negative
Mi √≤ l√® gb√† p√© mo lo w√°k√†t√≠ m√©j√¨ l√°ti wo f√≠√¨m√π y√¨√≠	negative
mi √≤ f·∫πÃÅr√†n f√≠√¨m√π y√¨√≠ r√°r√°	negative
√ì f√©Ã£r√®Ã£√©Ã£ j√©Ã£ p√© k√≤ s√≠ ohun t√≥ ≈Ñ ·π£·∫πl√®Ã£.	negative
√Äw·ªçn √¨j√≠r√≤r√≤ t√≥ ≈Ñ fa √¨j√°b√°, √†w·ªçn √¨j√°b√° t√≥ ≈Ñ fa √¨j√°b√°.	negative
L√°ti √¨dar√≠ t√≠ k√≤ d√°ra s√≠ √¨t√†n t√≠ k√≤ d√°ra s√≠; l√°ti √¨·π£er√© t√≥ ≈Ñ ·π£eni l√°√†√°n√∫ s√≠ √†√¨l√≥Ã£gb√≥Ã£n-√∫nl√≤; l√°ti f√≠fi √†w√≤r√°n ·π£e √†fih√†n √†fiw√© t√≥ ≈Ñ ·π£eni l√°√†√°n√∫ s√≠ f√≠fi √†t√∫n·π£e t√≥ ≈Ñ ·π£eni l√°√†√°n√∫.	negative
F√¨l√≠√¨m√π y√¨√≠ k√≤ d√°ra.	negative
Y√†t√≤Ã£ s√≠ p√© √≥ ·π£e√© foj√∫ r√≠ gan-an, √≥ s√¨ m√°a ≈Ñ ·π£e er√© t√≥ w√† n√≠s√†l√®Ã£ √¨w√≤Ã£nba, √≤Ã£p√≤Ã£ √¨gb√† ni √†w·ªçn √®√®y√†n m√°a ≈Ñ gb√¨y√†nj√∫ l√°ti d√° √†w·ªçn ohun t√≥ ti di ohun √¨j√† t√≥ ti di ohun √¨j√† f√∫n √†w·ªçn √≤Ã£dar√†n t√≥ ti di ohun √¨j√†.	negative
Mo k√≥r√¨√≠ra b√≠ w√≥Ã£n ·π£e ≈Ñ p√® f√≠√¨m√π y√¨√≠ n√≠ or√∫k·ªç.	negative
√ì s√¨ ≈Ñ d√πn √∫n w√≤, 'Efunsetan Aniwura' j√©Ã£ √¨t√†n t√≥ ≈Ñ s·ªç √¨t√†n t√≥ ≈Ñ bani n√≠n√∫ j√©Ã£ t√≥ s√¨ ≈Ñ bani n√≠n√∫ j√©Ã£ gan-an.	negative
Mo ti di livid	negative
√ÄW·ªåN √ÄW·ªåN √ÄW·ªåN √ÄW·ªåN √ÄW·ªåN √ÄW·ªåN √ÄW·ªåN √ÄW·ªåN √ÄW·ªåN √ÄW·ªåN √ÄW·ªåN √ÄW·ªåN √ÄW·ªåN √ÄW·ªåN √ÄW·ªåN √ÄW·ªåN √ÄW·ªåN √ÄW·ªåN √ÄW·ªåN √ÄW·ªåN √ÄW·ªåN √ÄW·ªåN √ÄW·ªåN √ÄW·ªåN √ÄW·ªåN √ÄW·ªåN √ÄW·ªåN √ÄW·ªåN √ÄW·ªåN √ÄW·ªåN √ÄW·ªåN √ÄW·ªåN √ÄW·ªåN √ÄW·ªåN √ÄW·ªåN √ÄW·ªåN √ÄW·ªåN √ÄW·ªåN √ÄW·ªåN √ÄW·ªåN √ÄW·ªåN √ÄW·ªåN √ÄW·ªåN √ÄW·ªåN √ÄW·ªåN √ÄW·ªåN √ÄW·ªåN √ÄW·ªåN √ÄW·ªåN √ÄW·ªåN √ÄW·ªåN √ÄW·ªåN √ÄW·ªåN √ÄW·ªåN √ÄW·ªåN √ÄW·ªåN √ÄW·ªåN √ÄW·ªåN √ÄW·ªåN √ÄW·ªåN √ÄW·ªåN √ÄW·ªåN √ÄW·ªåN √ÄW·ªåN √ÄW·ªåN √ÄW·ªåN √ÄW·ªåN √ÄW·ªåN √ÄW·ªåN √ÄW·ªåN √ÄW·ªåN √ÄW·ªåN √ÄW·ªåN √ÄW·ªåN √ÄW·ªåN √ÄW·ªåN √ÄW·ªåN √ÄW·ªåN √ÄW·ªåN √ÄW·ªåN	negative
√ÄW·ªåN √ÄW·ªåN √ÄW·ªåN √ÄW·ªåN √ÄW·ªåN	negative
f√≠√¨m√π y√¨√≠ ·π£√®l√©r√≠ ohun t√≥ p√≤Ã£ gan - an, √†m√≥Ã£ √≥ w√° di √®y√≠ t√≥ ≈Ñ m√∫ni ·π£er√©.	negative
W√≥Ã£n m√°a ≈Ñ lo k√°√†d√¨ √¨k·ªçl√© √¨w√© t√≠ w√≥Ã£n fi ≈Ñ ·π£e √¨s·ªçf√∫nni n√≠pa √†w·ªçn √®√®y√†n...	negative
B√≥ til√®Ã£ j√©Ã£ p√© f√≠√¨m√π n√°√† k√≤ fara r·ªç, √≥ s√¨ d√† b√≠ ·∫πni p√© k√≤ n√≠ n«πkan ·π£e.	negative
√ì ·π£√®l√©r√≠ p√© √†w·ªçn √° m√°a r√©Ã£r√¨n-√≠n, √†m√≥Ã£ er√© n√°√† k√≤ t√≥ n«πkan, √≥ s√¨ m√∫ k√≠ w√≥Ã£n m√°a r√©Ã£r√¨n-√≠n ju p√© k√≠ w√≥Ã£n m√°a r√©Ã£r√¨n-√≠n b√≠ w√≥Ã£n b√° l·ªç s√≠ sinim√°.	negative
Abigail k√≤ d√°ra gan-an, ·∫πni bur√∫k√∫ n√°√† k√¨ √≠ ·π£e ·∫πni t√≥ ≈Ñ fi √†b√πk√π ·π£e n«πkan, w·ªçÃÅn s√¨ r√≠ i p√© k√≤ d√°a f√°w·ªçn √®√®y√†n d√∫d√∫ l√°ti m√°a r√¨nr√¨n √†j√≤ l·ªç s√≠ √¨gb√† t√≠ w√≥Ã£n ti w√† l√°√†y√®.	negative
√åj√°kul√®Ã£ ≈Ñl√° l√≥ j√©Ã£ f√∫n ob√¨nrin t√≥ k√≥pa n√≠n√∫ er√© n√°√†.	negative
√åpar√≠ √≤Ã£r√≤Ã£ n√°√† n√¨kan ni mo gb√°d√πn j√π l·ªç.	negative
√åw√† √¨r√≠ra ni, √¨t√¨j√∫ √†ti √¨·π£e b√∫bur√∫ f√∫n CNA.	negative
√Äk·ªçl√© √†w√≤r√°n, √Äk·ªçl√© √†w√≤r√°n, √Äk·ªçl√© √†w√≤r√°n, √Äk·ªçl√© √†w√≤r√°n, √Äk·ªçl√© √†w√≤r√°n, √Äk·ªçl√© √†w√≤r√°n, √Äk·ªçl√© √†w√≤r√°n, √Äk·ªçl√© √†w√≤r√°n, √Äk·ªçl√© √†w√≤r√°n, √Äk·ªçl√© √†w√≤r√°n, √Äk·ªçl√© √†w√≤r√°n, √Äk·ªçl√© √†w√≤r√°n, √Äk·ªçl√© √†w√≤r√°n, √Äk·ªçl√© √†w√≤r√°n, √Äk·ªçl√© √†w√≤r√°n, √Äk·ªçl√© √†w√≤r√°n, √Äk·ªçl√© √†w√≤r√°n, √Äk·ªçl√© √†w√≤r√°n, √Äk·ªçl√© √†w√≤r√°n, √Äk·ªçl√© √†w√≤r√°n, √Äk·ªçl√© √†w√≤r√°n, √Äk·ªçl√© √†w√≤r√°n, √Äk·ªçl√© √†w√≤r√°n, √Äk·ªçl√© √†w√≤r√°n, √Äk·ªçl√© √†w√≤r√°n, √Äk·ªçl√© √†w√≤r√°n, √Äk·ªçl√© √†w√≤r√°n, √Äk·ªçl√© √†w√≤r√°n, √Äk·ªçl√© √†w√≤r√°n, √Äk·ªçl√© √†w√≤r√°n, √Äk·ªçl√© √†w√≤r√°n, √Äk·ªçl√© √†w√≤r√°n, √Äk·ªçl√© √†w√≤r√°n, √Äk·ªçl√© √†w√≤r√°n, √Äk·ªçl√© √†w√≤r√°n, √Äk·ªçl√© √†w√≤r√°n, √Äk·ªçl√© √†w√≤r√°n, √Äk·ªçl√© √†w√≤r√°n, √Äk·ªçl√© √†w√≤r√°n, √Äk·ªçl√© √†w√≤r√°n, √Äk·ªçl√© √†w√≤r√°n, √Äk·ªçl√© √†w√≤r√°n, √Äk·ªçl√© √†w√≤r√°n, √Äk·ªçl√© √†w√≤r√°n, √Äk·ªçl√© √†w√≤r√°n, √Äk·ªçl√© √†w√≤r√°n, √Äk·ªçl√© √†w√≤r√°n, √Äk·ªçl√© √†w√≤r√°n, √Äk·ªçl√© √†w√≤r√°n, √Äk·ªçl√© √†w√≤r√°n, √Äk·ªçl√©, √Äk·ªçl√©, √Äk·ªçl√©, √Äk·ªçl√©, √Äk·ªçl√©, √Äk·ªçl√© na Ara Ara Ara Ara Ara Ara Ara Ara Ara Ara Ara Ara Ara Ara Ara Ara Ara Ara Ara Ara Ara Ara Ara Ara Ara Ara Ara Ara Ara Ara Ara Ara Ara Ara Ara Ara Ara Ara Ara Ara Ara Ara Ara Ara Ara Ara Ara Ara Ara Ara Ara Ara Ara Ara Ara Ara Ara Ara Ara Ara Ara Ara Ara Ara Ara Ara Ara Ara Ara Ara Ara Ara Ara Ara Ara Ara Ara Ara Ara Ara Ara Ara Ara Ara Ara Ara Ara Ara Ara Ara Ara Ara Ara Ara Ara Ara Ara Ara Ara Ara Ara Ara Ara Ara Ara Ara Ara Ara Ara Ara Ara Ara Ara Ara Ara Ara Ara Ara Ara Ara Ara Ara Ara Ara	negative
√≥ d√† b√≠ √¨gb√† t√≠ mo r√≠ f√≠√¨m√π t√≥ d√°ra n√≠l·∫πÃÄ √°f√≠r√≠k√† n√≠ ·ªçd√∫n 2012? t√≥ b√° r√≠ b·∫πÃÅ·∫πÃÄ... √≥ d√°ra gan-an! mo n√≠ l√°ti bi ara mi p√© (n√≠r√∫ ·ªçÃÄr√†n y√¨√≠) ·π£√© √≥ ti d√°ra j√π l·ªç n√≠ ·ªçd√∫n 2021?	negative
Oj√∫·π£e f√≠√¨m√π kan t√≠ k√≤ d√°ra r√°r√° ni Knock Out Blessing, t√≠ k√≤ s√¨ y·∫π k√≠ w√≥Ã£n ·π£e, t√†b√≠ k√≥ m√°√† ti√®Ã£ y·∫π k√≠ w√≥Ã£n d√° s√≠l√®Ã£ f√∫n gbogbo √®√®y√†n.	negative
√ì k·ªçj√° √†y√® kan.	negative
√ì ·π£e√© ·π£e k√≥ j√©Ã£ n√≠tor√≠ p√© k√≤ s√≠ √¨s·ªçf√∫nni t√≥ ≈Ñ m√∫ k√≠ √¨s·ªçf√∫nni n√°√† m√°a j√°de.	negative
Suga Suga n√≠ √†w·ªçn √¨ran t√≥ ≈Ñ y√≠j√∫ s√≠ i t√≥ p√≤Ã£ j√π, √®y√≠ s√¨ m√∫ k√≠ √¨j√≠r√≤r√≤ t√≥ w√°y√© l√°√†√°r√≠n √†w·ªçn √®√®y√†n t√≥ n√≠ √¨·π£√≤ro t√≥ le koko par√≠.	negative
√ì d√πn m√≠ gan-an p√©, n√≠gb√† t√≠ Enitan k√∫r√≤ n√≠ ·ªçk√†n t√≥ ti k√∫, √≥ di √≤Ã£m√≤Ã£w√©, √≥ s√¨ w√° di √≤«πk√≤Ã£w√©, √≥ di p√© √≥ di ·∫πni t√≥ ≈Ñ gb√© n√≠ √¨·π£√©Ã£j√∫ √¨k·∫πy√¨n t√≥ k√π l√©Ã£y√¨n gbogbo √¨j√°kul√®Ã£ t√≥ w√°y√©.	negative
Mo ti wa ni ni ireti ohun kan ti o dara ju crude ·π£e, ati ni iw·ªçn nla eyi j·∫π otit·ªç. Bi o ti wa ni di·∫π ninu aw·ªçn ti o dara ju k·ªç aw·ªçn aworan ati / tabi it·ªçs·ªçna ti o t·ªçka si pe nigbakan di·∫π ninu aw·ªçn gidi igbiyanju ti a ti ·π£e nipas·∫π aw·ªçn onisefiimu, aw·ªçn fiimu ni o ni Elo di·∫π aw·ªçn ailagbara. Aw·ªçn sinima j·∫π unimpressive, nib·∫π ni o wa gidigidi kekere ni ·ªçna ti aw·ªçn i·π£el·ªçp·ªç iye, ati aw·ªçn ifi·π£ere nipas·∫π ·ªçp·ªçl·ªçp·ªç aw·ªçn o·π£ere ni amateur.	negative
√ì ·π£eni l√°√†√°n√∫ p√© a √≤ l√® fara da √†w·ªçn √¨b·ªçn ak·ªçÃÄboy√¨, √¨b·ªçn √†gb√°√°l√°y√©, a·π£·ªç t√≠ a fi ≈Ñ ·π£e √†p√©j·ªç, f√≠fi √†w√≤r√°n ·π£e √†w·ªçn n«πkan t√≠ k√≤ n√≠ l√°√°r√≠ √†ti √†w·ªçn √†j√≤Ã£d√∫n √¨r√°nt√≠ t√≥ ≈Ñ m√∫ni ron√∫ jinl√®Ã£ n√≠pa √†w·ªçn ohun t√≥ ti h√†n t√°n, gbogbo √®y√≠ l√≥ k√∫n f√∫n √†w·ªçn √¨fih√†n t√≠ k√≤ t√≥Ã£ n√≠pa √†w·ªçn t√≥ ≈Ñ ·π£e √¨j√¨y√† t√≥ ti fara h√†n l√°t√¨b√®Ã£r√®Ã£.	negative
√ì ·π£eni l√°√†√°n√∫ p√©, f√≠√¨m√π n√°√† s√°b√† m√°a ≈Ñ j√©Ã£ al√°gb√°ra √†ti al√°√†l√†, √≥ s√¨ m√°a ≈Ñ n√≠ √†w·ªçn √¨·π£√®Ã£l√®Ã£ t√≥ ≈Ñ m√∫ k√≠ ·ªçk√†n √®√®y√†n m√°a f√† s√≠ n«πkan n√≠gb√† t√≠ oj√∫ ·ªçj√≥Ã£ b√° ≈Ñ ·π£√∫.	negative
F√¨l√≠√¨m√π n√°√† k√≤ d√°ra gan-an, √≥ n√≠ √†w·ªçn √≤«πw√≤ran n√°√† ti ≈Ñ ·π£e √†·π£ej√π (√≥ ·π£e√© ·π£e k√≠ w√≥Ã£n ti ≈Ñ dar√≠ w·ªçn j√π?) √†m√≥Ã£ √†y√≠k√° t√≥ w√† n√≠n√∫ r√®Ã£ d√°ra gan-an.	negative
√ågb√† kan w√† t√≠ mo r√≠ i p√© √≥ ≈Ñ ·π£e m√≠ b√≠i p√© mo ti ≈Ñ ·π£e n«πkan kan.	negative
B√≥ ti w√π k√≥ r√≠, o √≤ l√® m·ªç ibi t√≥ o w√† t√†b√≠ ir√∫ ·∫πni t√≥ o j√©Ã£, tor√≠ p√© √≥ ti p√≤Ã£ j√π l√°ti fi h√†n p√© o √≤ l√® m·ªç ohun t√≥ o f√©Ã£ ·π£e.	negative
F√¨l√≠√¨m√π y√¨√≠ m√°a ≈Ñ s√∫ni gan-an f√∫n sinim√°.	negative
k√≤ d√°ra	negative
A pe √®y√≠ n√≠ √¨f·ªçÃÄt√≠n√†-√†t√¨gb√†-√†t√¨gb√†-√†t√¨gb√†-√†t√¨gb√†-√†t√¨gb√†-√†t√¨gb√†-√†t√¨gb√†-√†t√¨gb√†-√†t√¨gb√†-√†t√¨gb√†-√†t√¨gb√†-√†t√¨gb√†-√†t√¨gb√†-√†t√¨gb√†-√†t√¨gb√†-√†t√¨gb√†-√†t√¨gb√†-√†t√¨gb√†-√†t√¨gb√†-√†t√¨gb√†-√†t√¨gb√†-√†t√¨gb√†-√†t√¨gb√†-√†t√¨gb√†-√†t√¨gb√†-√†t√¨gb√†-√†t√¨gb√†-√†t√¨gb√†-√†t√¨gb√†-√†t√¨gb√†-√†t√¨gb√†-√†gb√†-√†gb√†-√†gb√†-√†gb√†-√†gb√†-√†gb√†-√†gb√†-√†gb√†-√†gb√†-√†gb√†-√†gb√†-√†gb√†-√†gb√†-√†gb√†-√†gb√†-√†gb√†-√†gb√†-√†gb√†-√†gb√†-√†gb√†-√†gb√†-√†gb√†-√†gb√†-√†gb√†-√†gb√†-√†gb√†-√†gb√†-√†gb√†-√†gb√†-√†gb√†-√†gb√†-√†gb√†-√†gb√†-√†gb√†-√†gb√†-√†gb√†-√†gb√†-√†gb√†-√†gb√†-√†gb√†-√†gb√†-√†gb√†-√†gb√†-√†gb√†-√†gb√†-√†gb√†-√†gb√†-√†gb√†-√†gb√†-√†gb√†-√†gb√†-√†gb√†-√†gb√†-√†gb√†-√†gb√†-√†gb√†-√†gb√†-√†gb√†-√†gb√†-√†gb√†-√†gb√†-√†gb√†-√†gb√†-√†gb√†-√†gb√†-√†gb√†-√†gb√†-√†gb√†-√†gb√†-√†gb√†-√†gb√†-√†gb√†-√†gb√†-√†gb√†-√†gb√†-√†gb√†-√†gb√†-√†-√†gb√†-√†gb√†-√†-√†gb√†-√†-√†gb√†-√†gb√†-√†-√†gb√†-√†gb√†-√†-√†	negative
·π¢√© ·∫πn√¨ kan r√°n √¨w√© √¨pil·∫πÃÄ·π£·∫πÃÄ Netflix t√≠ k√≤ t√≥Ã£ s√≠ N√†√¨j√≠r√≠√† l·ªç b√≠ ·∫πni p√© √≥ j√©Ã£ a·π£·ªç √¨b√≤Ã£n t√≠ √†w·ªçn t√≥ p√†d√°n√π n√≠n√∫ √¨d√≠je Super Bowl ≈Ñ w·ªçl√©?	negative
"√Äw·ªçn √¨t√†n t√≥ ≈Ñ s·ªç √¨t√†n t√≥ l√°gb√°ra √†ti er√© t√≥ ≈Ñ k√≥ √¨t√¨j√∫ b√°ni ni √†w·ªçn √†m√¨ t√≥ ≈Ñ fi h√†n p√© ·∫πni t√≥ ≈Ñ ·π£e b√≠i p√© √≤un k√≤ d√°a y√¨√≠ ≈Ñ ·π£e n«πkan - √®y√≠ l√® m√°a ·π£e √© b√≠i p√© √≥ ≈Ñ ·π£e √†d√†k√†dek√®, √†m√≥Ã£, f√≠√¨m√π y√¨√≠ d√† b√≠ f√≠√¨m√π t√≠ w√≥Ã£n fi ≈Ñ ·π£e ""Isoken""."	negative
√Äw√†d√† ni f√≠√¨m√π y√¨√≠.	negative
√ì bur√∫ gan-an! √ì d√°j√∫ p√© √®y√≠ ni f√≠√¨m√π t√≥ bur√∫ j√π l·ªç t√≠ mo ti r√≠ l√°y√© mi!	negative
√Äw·ªçn √¨·π£√®Ã£l√®Ã£ t√≥ w√°y√© n√≠n√∫ er√© n√°√† k√≤ bur√∫, ·ªçk√†n r√®Ã£ s√¨ w√† n√≠ ibi t√≥ y·∫π, √†m√≥Ã£ √≥ m√°a ≈Ñ dun gan-an l√°ti wo √†w·ªçn n«πkan t√≥ ≈Ñ ·π£·∫πl√®Ã£ l√°w·ªçn ib√¨ kan.	negative
B√≥ til√®Ã£ j√©Ã£ p√© i·π£√©Ã£ f√≠√¨m√π n√°√† d√† b√≠ ·∫πni p√© √≤Ã£j√°f√°f√°, m√° ·π£e j√©Ã£ k√≠ f√≠√¨m√π y√¨√≠ t√†n √©Ã£ j·∫π.	negative
K√≤ s√≠ or√≠, k√≤ s√≠ ·∫πr√π, k√≤ s√≠ √†k·ªçs√≠l√®Ã£ t√≥ d√°a, k√≤ s√≠ √†k√≥k√≤ t√≥ p√≤Ã£, k√≤ s√¨ s√≠ ohun t√≥ ≈Ñ n√°ni l√≥w√≥ l√≥Ã£w√≥Ã£.	negative
√Än√≠ √†w·ªçn √¨r√†w√≤Ã£ w·ªçn √≤ n√≠ ir√∫ oj√∫ t√≠ w·ªçÃÅn fi ≈Ñ wo f√≠√¨m√π y√¨√≠	negative
√Äwa √®√®y√†n r·∫πÃÄ	negative
√åd√°j·ªçÃÅ: K√≤ y·∫π k√° s·ªç p√© k√° ·π£e √©.	negative
√ì d√πn m√≠ gan-an p√© √†w·ªçn t√≥ ≈Ñ ·π£e er√© n√°√† (√¨y·∫πn ·ªçba √†ti Amina) m√°a ≈Ñ ·π£e √†w·ªçn n«πkan kan t√≥ ≈Ñ m√∫ k√≠ n r·∫πÃÅ mi l√°ra y√°, √†m√≥Ã£ √≥ ·π£√≤ro f√∫n mi l√°ti m·ªç b√≠ ·∫πni t√≥ ≈Ñ ·π£e er√© n√°√† ·π£e ≈Ñ r√≠ l√°ra mi, tor√≠ p√© oj√∫·π£e r√®Ã£ y·∫π k√≥ j·∫πÃÅ oj√∫·π£e p√†t√†k√¨.	negative
K√≤ s√≠ ·∫πni t√≥ l√® gb√† √° n√≠y√†nj√∫, k√≥d√† √†w·ªçn ·ªçm·ªçd√© p√†√°p√†√°.	negative
·∫∏ fi ·ªçw·ªçÃÅ r·∫πÃÄ s√≠ l√°ra √†w·ªçn f√≠√¨m√π t√≠ k√≤ d√°a j√π t√≠ mo ti r√≠	negative
√ì bur√∫ j√π l·ªç n√≠n√∫ f√≠fi √†w√≤r√°n t√≥ ≈Ñ dar√≠ ·π£e n«πkan n√≠gb√† t√≠ Ahannas ≈Ñ r√°nt√≠ √¨gb√† t√≠ w√≥Ã£n ≈Ñ d√°n√° sun ·ªçk√πnrin kan.	negative
√Äd√†n. . . . √Äd√†n kan s√≠ i l√°ti NETFLIX. √Äk√≥k√≤ !!	negative
√ì n√≠ √†·π£√¨·π£e ≈Ñl√°	negative
Mo ti ·π£e √†y√®Ã£w√≤ r·∫πÃÄ. K√≤ s√≠ b√≠ mo ·π£e ≈Ñ wo gbogbo n«πkan y√¨√≠.	negative
w√†√° k√°b√†√°m·ªçÃÄ p√© o ti ≈Ñ wo f√≠√¨m√π y√¨√≠.	negative
√Äw·ªçn √ít√≤·π£√¨	negative
√ì j√©Ã£ ohun √¨pil√®Ã£·π£√®Ã£ gan-an.	negative
√Äw·ªçn M√≠l√≠√≤Ã£n√π j√©Ã£ √¨f·ªçw√≥Ã£sow√≥Ã£p√≤Ã£ t√≠ k√≤ l√©Ã£gb√©Ã£ n√≠pa √†w·ªçn √¨w√© √†f·ªçw√≥Ã£k·ªç '√¨w√≤Ã£n f√≠√¨m√π Ocean' t√≠ k√≤ n√≠ √¨t√¨j√∫, √®y√≠ √≤ s√¨ m√∫ wa l√°√†m√∫.	negative
"Gbarada' j·∫π ""√¨w√© Yor√πb√°"" t√≠ w√≥Ã£n ≈Ñ ·π£e n√≠ √¨l√∫ Idumota, t√≠ gbogbo √¨w√† √≤m√πg√≤Ã£ t√≥ w√† n√≠n√∫ f√≠√¨m√π Nollywood y√¨√≠ ≈Ñ b√° a l·ªç."	negative
Oj√∫ ·∫πÃÄ ≈Ñ w√≤ √≥, ·∫πÃÄm√≠ √¨b√†j√©Ã£ ni √†w·ªçn √≤«πk√≤Ã£w√© n√°√† ≈Ñ h√π.	negative
f√≠√¨m√π t√≥ bur√∫ j√π l·ªç t√≠ mo ti r√≠	negative
O k√†n ≈Ñ ·π£e √†b√πk√π	negative
Special Jollof' j·∫π ·∫πÃÄy·∫πÃÄk√†m√†m√† m√¨√≠r√†n l√°ti Nollywood n√≠ Diaspora. √†ti b√≠ √≥ ti ·π£e w·ªçÃÅp·ªçÃÄ; √≥ j·∫πÃÅ k√≠ √¨t√†n y√©y√© √†ti ·ªçÃÄp·ªçÃÄ er√© √¨d√°ray√° t√≥ n√≠ ·ªçk√†n t√≥ f·∫πÃÅr·∫πÃÄ·∫πÃÅ f·∫πÃÅr·∫πÃÄ·∫πÃÅ f·∫πÃÅr·∫πÃÄ·∫πÃÅ f·∫πÃÅr·∫πÃÄ·∫πÃÅ f·∫πÃÅr·∫πÃÄ·∫πÃÅ f·∫πÃÅr·∫πÃÄ·∫πÃÅ f·∫πÃÅr·∫πÃÄ·∫πÃÅ f·∫πÃÅr·∫πÃÄ·∫πÃÅ f·∫πÃÅr·∫πÃÄ·∫πÃÅ f·∫πÃÅr·∫πÃÄ·∫πÃÅ f·∫πÃÅr·∫πÃÄ·∫πÃÅr·∫πÃÄ·∫πÃÅ f·∫πÃÅr·∫πÃÄ·∫πÃÅr·∫πÃÄ·∫πÃÅ f·∫πÃÅr·∫πÃÄ·∫πÃÅr·∫πÃÄ·∫πÃÅ f·∫πÃÅr·∫πÃÄ·∫πÃÅr·∫πÃÄ·∫πÃÅ f·∫πÃÅr·∫πÃÄ·∫πÃÅr·∫πÃÄ·∫πÃÅ f·∫πÃÅr·∫πÃÄ·∫πÃÅr·∫πÃÄ·∫πÃÅ f·∫πÃÅr·∫πÃÄ·∫πÃÅr·∫πÃÄ·∫πÃÅ f·∫πÃÅr·∫πÃÄ·∫πÃÅr·∫πÃÄ·∫πÃÅ f·∫πÃÅr·∫πÃÄ·∫πÃÅr·∫πÃÄ·∫πÃÅ f·∫πÃÅr·∫πÃÄ·∫πÃÅr·∫πÃÄ·∫πÃÅr·∫πÃÄ·∫πÃÅ f·∫πÃÅr·∫πÃÄ·∫πÃÅr·∫πÃÄ·∫πÃÅr·∫πÃÄ·∫πÃÅ f·∫πÃÅr·∫πÃÄ·∫πÃÅr·∫πÃÄ·∫πÃÅr·∫πÃÄ·∫πÃÅ f·∫πÃÅr·∫πÃÄ·∫πÃÅr·∫πÃÄ·∫πÃÅr·∫πÃÄ·∫πÃÅ f·∫πÃÅr·∫πÃÄ·∫πÃÅr·∫πÃÄ·∫πÃÅr·∫πÃÄ·∫πÃÅ f·∫πÃÅr·∫πÃÄ·∫πÃÅr·∫πÃÄ·∫πÃÅ f·∫πÃÅr·∫πÃÄ·∫πÃÅr·∫πÃÄ·∫πÃÅr·∫πÃÄ·∫πÃÅ f·∫πÃÅr·∫πÃÄ·∫πÃÅr·∫πÃÄ·∫πÃÅ f·∫πÃÅr·∫πÃÄ·∫πÃÅr·∫πÃÄ·∫πÃÅ f·∫πÃÅr·∫πÃÄ·∫πÃÅr·∫πÃÄ·∫πÃÅr·∫πÃÄ·∫πÃÅ f·∫πÃÅr·∫πÃÄ·∫πÃÅr·∫πÃÄ·∫πÃÅ f·∫πÃÅr·∫πÃÄ·∫πÃÅr·∫πÃÄ·∫πÃÅr·∫πÃÄ·∫πÃÅ f·∫πÃÅr·∫πÃÄ·∫πÃÅ f·∫πÃÅr·∫πÃÄ·∫πÃÅr·∫πÃÄ·∫πÃÅr·∫πÃÄ·∫πÃÅ f·∫πÃÅr·∫πÃÄ·∫πÃÅr·∫πÃÄ·∫πÃÅr·∫πÃÄ·∫πÃÅr·∫πÃÄ·∫πÃÅ f·∫πÃÅr·∫πÃÄ·∫π	negative
Mo l√® s·ªç p√©, b√≠ Luna ·π£e ≈Ñ ·π£e √¨r√¨ j·∫πÃÅ √¨t√†n t√≥ ≈Ñ k√≥ni n√≠ √¨r·∫πÃÅj·∫π ju b√≠ b√†b√° √†gb√† ·π£e ≈Ñ ·π£e √¨r√¨√≠r√≠ m√©j√¨ l·ªç.	negative
mi √≤ m·ªç iye √†w·ªçn j√†«πb√° ·ªçk√≤Ã£ √≤fuuruf√∫ t√≥ w√°y√© n√≠ n√†√¨j√≠r√≠√†, f√≠√¨m√π y√¨√≠ s√¨ j√°de l√°√†√°r√≠n ·ªçj·ªçÃÅ m√°r√πn-√∫n	negative
√ì d√°j√∫ p√© f√≠√¨m√π y√¨√≠ √° d√°ra gan - an t√≠ a b√° ti ·π£√®t√≤ ow√≥ p√∫p√≤Ã£ s√≠ i .	negative
K√≤ s√≠ √≤Ã£n√† t√≥ l√® y√≠ pa d√†, k√≤ s√¨ s√≠ √≤Ã£n√† t√≥ l√® m√∫ k√≠ √≤Ã£r√≤Ã£ n√°√† r·ªçr√πn l√°ti l√≥ye.	negative
K√≤ t√≥ √†k√≥k√≤ r·∫π	negative
O j·∫π ohun t√≠ k√≤ r√≠ b·∫πÃÅ·∫πÃÄ t√≠ mo fi fi fi f√≠√¨m√π s√≠l·∫πÃÄ, mi √≤ l√® par√≠ √®y√≠, mo fi √≠ s√≠l·∫πÃÄ l·∫πÃÅy√¨n ·ªçÃÄk·∫πÃÅ m·∫πÃÅta.	negative
n√≠k·∫πy√¨n, √≥ m√∫ k√≠ f√≠√¨m√π n√°√† di √®y√≠ t√≥ l√°gb√°ra j√π, t√≥ m√°a ≈Ñ m√∫ni gb√≥n√° janjan, t√≥ s√¨ m√°a ≈Ñ m√∫ni n√≠ √¨b√†n√∫j√©Ã£ t√≥ l√°gb√°ra.	negative
√ì ·π£eni l√°√†√°n√∫ p√© √†w·ªçn √†p·∫π·∫πr·∫π t√° a m√©Ã£nu k√†n y√¨√≠ k√≤ d√° s√≠ p√© √†w·ªçn √®√®y√†n √≤ fi b√©Ã£√®Ã£ k√≠y√® s√≠ √†w·ªçn k√∫l√®Ã£k√∫l√®Ã£.	negative
√ì d√† b√≠ √¨gb√† t√©√®y√†n ≈Ñ d√°n √†g√≤ w√°√¨n√¨ w√≤, t√≠ k√≤ t√≠√¨ d√†gb√† d√©n√∫, b√≥y√° t√≠ w√≥Ã£n fi √†j√†r√† t√≠ k√≤ t√≠√¨ p√©Ã£ ·π£e.	negative
F√¨l√≠√¨m√π y√¨√≠ k√¨ √≠ ·π£e ohun t√≥ d√°a.	negative
f√≠√¨m√π y√¨√≠ m√°a ≈Ñ d√† b√≠ ohun t√≥ ≈Ñ s√∫ni gan - an, √≥ s√¨ m√°a ≈Ñ bani n√≠n√∫ j·∫πÃÅ gan - an	negative
√Äw·ªçn √≤Ã£r√≤Ã£ t√≠ k√≤ t√≥Ã£ ni w√≥Ã£n fi ≈Ñ s·ªç p√©, 'Ohun T√≥ ·π¢√†·π£√¨·π£e' j√©Ã£ √≤Ã£r√≤Ã£ t√≠ k√≤ t√≥Ã£!	negative
Mo n√≠ l√°ti wo er√© n√°√† f√∫n √¨d√≠ √¨d√°nil√©Ã£k√≤Ã£√≥Ã£.	negative
√ì ≈Ñ l·ªç p·∫πÃÅ gan-an, ≈Ñ·π£e l√≥ ≈Ñ s·ªç √†k√≥k√≤ n√π.	negative
√ì ≈Ñ b√∫.	negative
F√≠√¨m√π y·∫πn k√≤ d√°ra f√∫n Nollywood r√°r√°.	negative
Mo r√≠ √†b√πk√π Nollywood n√≠gb√† t√≠ mo ≈Ñ wo Rattlesnake.	negative
P√®Ã£l√∫ gbogbo √†w·ªçn √†r√≠w√≠s√≠ t√≥ ≈Ñ m√∫ni ·π£er√© √†ti √†w·ªçn er√© t√≥ ≈Ñ gb√©ni r√≥ t√≥ m√°a ≈Ñ y√≠ pa d√† l√°√†√°r√≠n ·π£√≠·π£e √†·π£ej√π √†ti ·π£√≠·π£e √¨w√†kiw√†.	negative
Gbogbo √®√®y√†n l√≥ ≈Ñ ·π£e er√© n√°√†, √≤Ã£p√≤Ã£ √†w·ªçn √®√®y√†n ni k√≤ s√¨ t√≠√¨ d√†gb√† d√©n√∫.	negative
Ow√≥ √†ti √†k√≥k√≤	negative
O √≥ k√≥r√¨√≠ra r·∫πÃÄ	negative
·ªåÃÄr·ªçÃÄ t√≥ d√°ra gan - an, ·π£√πgb·ªçÃÅn √≥ j√©Ã£ √¨gb√©Ã£j√∫ √†w·ªçn w√°k√†t√≠ m√©j√¨ t√≠ k√≤ n√≠ l√°√°r√≠.	negative
B√≥ b√° ti√®Ã£ ·π£e√© ·π£e, ≈Ñ·π£e ni '√åy√°√†fin' n√°√† fi h√†n p√© √≤un √≤ l√® ·π£e ohunk√≥hun, tor√≠ p√© k√≤ m√∫ √¨l√©r√≠ t√≥ ·π£e f√∫n w·ªçn ·π£·∫π.	negative
O√≤g√πn t√≠ k√≤ d√°ra, k√≤ t√≥ l√°ti fi h√†n, √†w·ªçn √≤·π£√®r√© k√≤ l√°gb√°ra, ·ªçm·ªç ·ªçd√∫n m√©j√¨l√° l√≥ k·ªç √¨w√© n√°√†, k√≤ s√¨ n√≠ √¨r√≥ rere.	negative
B√≠ w√≥Ã£n ·π£e ≈Ñ ·π£e er√© √¨t√†g√© t√≥ ≈Ñ gb√© √†w·ªçn √®√®y√†n r√≥, t√≠ w√≥Ã£n s√¨ ≈Ñ gb√© n√≠ N√†√¨j√≠r√≠√† n√≠gb√† ogun ab√©Ã£l√© t√≥ w√°y√© n√≠ ·ªçd√∫n 1960s, √≥ w√° di √†·π£√¨·π£e kan t√≥ bur√∫ j√°√¨ n√≠n√∫ √¨r√¨n √†j√≤ w·ªçn, √®y√≠ t√≠ w√≥Ã£n fi ≈Ñ ·π£e i·π£√©Ã£ t√≥ n√≠ √¨t√©Ã£l√≥Ã£r√πn y√¨√≠ k√≤ s√¨ l√® d√°√†b√≤ b√≤ √≥ p√°t√°p√°t√°.	negative
√Äm√≥Ã£, k√≤ s√≠ ohun t√≥ l√® m√∫ k√≠ √®y√≠ s√∫ni.	negative
√ì bur√∫ gan-an, √†m√≥Ã£ f√≠√¨m√π n√°√† ·π£√¨ ≈Ñ gb√°d√πn m√≥Ã£ni.	negative
√ì bur√∫ gan-an p√© √†w·ªçn t√≥ ≈Ñ k√≥pa n√≠n√∫ er√© n√°√† ·π£e ohun t√≠ k√≤ d√°ra.	negative
√ì m√°a ≈Ñ gb√°d√πn m√≥Ã£ni b√≥ til√®Ã£ j√©Ã£ p√© k√≤ n√≠ √†·π£√¨·π£e kankan	negative
F√¨l√≠√¨m√π y√¨√≠ d√† b√≠ √†p√≤ p√≤Ã£ t√≥ n√≠ √®r√≤ t√≥ ti ≈Ñ gb√©ni r√≥, t√≥ s√¨ n√≠ √¨f√©Ã£ ·ªçk√†n t√≥ n√≠ √≠ ·π£e p√®Ã£l√∫ ohun t√≥ ≈Ñ ·π£·∫πl√®Ã£.	negative
√Äk·ªçl√© f√≠√¨m√π n√°√† √≤ l√® j√©Ã£ ohun t√°w·ªçn ak√©Ã£k√≤Ã£√≥Ã£ g√≠ga m√°a ≈Ñ ·π£e g√©Ã£g√©Ã£ b√≠ ol√π·π£e am√°t√¨.	negative
Mo k√≥r√¨√≠ra f√≠√¨m√π y√¨√≠ gan-an	negative
√ì bur√∫ gan-an p√© w√≥Ã£n ≈Ñ ·π£e er√© n√°√†, √†m√≥Ã£ ohun t√≥ ≈Ñ k·ªç √≥Ã£ t√∫n bur√∫ ju √¨y·∫πn l·ªç.	negative
√ì d√°ra j√π l·ªç k√≠ √†w·ªçn t√≥ ≈Ñ ·π£e er√© n√°√† m√°a ·π£e ohun t√≠ w√≥Ã£n b√° f√©Ã£, √†w·ªçn t√≥ ≈Ñ ·π£e er√© n√°√† √° m√°a s·ªç ohun t√≥ ≈Ñ ·π£·∫πl√®Ã£, b√≠ ·∫πni p√© ≈Ñ·π£e ni w√≥Ã£n ≈Ñ fi √†w·ªçn √≤Ã£r√≤Ã£ w·ªçn s·ªç √†w·ªçn ohun t√≥ ≈Ñ ·π£·∫πl√®Ã£.	negative
Gbogbo ohun t√≥ w√† n√≠n√∫ f√≠√¨m√π y√¨√≠ l√≥ ≈Ñ s·ªç n√≠pa ow√≥ t√≥ ≈Ñ w·ªçl√© f√∫n √†w·ªçn √®√®y√†n	negative
O ti w√° gb√©Ã£ l√°ti j√≠ √†k√≥k√≤ r·∫π!	negative
√åw√† √≤m√πg√≤Ã£ gb√°√† l√≥ j√©Ã£.	negative
N√≠w√≤Ã£n b√≠ k√≤ ti s√≠ ohun t√≥ l√® m√∫ni ron√∫ jinl√®Ã£, k√¨k√¨ n√≠n√∫ f√≠fi or√≠·π£ir√≠·π£i er√© or√≠ k·ªçÃÅm√≠k√† t√≥ ≈Ñ gb√© n√≠ Nollywood n√¨kan ni ohun t√≥ m√°a ≈Ñ m√∫ni gb√† gb√≥Ã£ gan-an.	negative
√ì d√°j√∫ p√© k√≤ n√≠ d√πn m√≥Ã£ni n√≠n√∫.	negative
√ì bur√∫, ≈Ñ·π£e ni er√© n√°√† m√°a ≈Ñ l·ªç l√°√¨d√°b√≤Ã£, √≥ s√¨ m√°a ≈Ñ d√† b√≠i p√© k√≤ s√≠ ibi t√≠ √≤un m√°a l·ªç n√≠gb√† m√≠√¨.	negative
√í√≥t√≥Ã£ ni p√© orin kan ni, √≥ s√¨ m√°a ≈Ñ j√©Ã£ k√≥ bur√∫ gan-an.	negative
√åt√†n √†r√≤s·ªç ni, er√© n√°√† s√¨ bur√∫ gan-an, √¨t√†n n√°√† s√¨ j·ªçni l√≥j√∫ gan-an.	negative
LMAO	negative
√åj√°kul√®Ã£ ≈Ñl√° ni p√©, 'Levi' j√©Ã£ er√© t√≠ k√≤ n√≠ √®te kankan.	negative
"√ì ·π£e kedere p√© f√≠√¨m√π n√°√† k√≤ n√≠ √†√°n√∫ ara ·∫πni, √†m√≥Ã£ √≥ m√∫ k√≠ √¨r√≠r√≠ ""Igb·∫πÃÄ"" di √®y√≠ t√≠ k√≤ n√≠ √†√°n√∫ f√°w·ªçn t√≥ ≈Ñ w√≤ √≥."	negative
Mo gb√† p√© √≥ m√°a d√°ra gan-an k√≠ f√≠√¨m√π t√≥ m√°a gba √¨·π£√©Ã£j√∫ m√©Ã£w√†√° s√≠ ·ªçgb√≤Ã£n [30] d√≠n n√≠ k√≠ w√≥Ã£n l√® fi d√°n omi w√≤.	negative
er√© t√≠ k√≤ n√≠ √®te.	negative
√åsap√° t√≥ d√°ra, √†m√≥Ã£ t√≥ j√©Ã£ ti amateur l√°ti m√∫ k√≠ ol√π wo n«πkan y√≠ pa d√†.	negative
Foj√∫ in√∫ wo b√≠ w√†√° ·π£e m√°a ·π£e f√≠√¨m√π t√≠ k√≤ n√≠ √†d√†k√†dek√®, f√≠√¨m√π y√¨√≠ k√≤ d√°ra t√≥, t√≥ o b√° ti ≈Ñ ron√∫ p√© k√≠ l√≥ ≈Ñ l·ªç n√≠ √¨par√≠ √¨·π£√©Ã£j√∫ m√°r√πn-√∫n, w√†√° ·π£√¨ m√°a ron√∫ p√© k√≠ l√≥ ≈Ñ l·ªç.	negative
√Äk·ªçl√© n√°√† k√≤ d√°a r√°r√°.	negative
W·ªçn k√†n ·π£e √†w·ªçn √†r√≠y√°, √†w·ªçn √†r√≠y√° √†ti √†w·ªçn f√≠d√≠√≤ or√≠ √†w·ªçn √¨w√© √¨t√†n √≤«πt√®-√†·π£√† t√≠ w·ªçn √≤ m·ªçÃÄ d√°ad√°a t√≠ w·ªçÃÅn ti di al√°w·ªçÃÄl√© l√≥r√≠ √†w·ªçn √¨k√†nn√¨ √†j·ªçl√≤ or√≠ √ç≈Ñt√°n√©-√®d√® N√†√¨j√≠r√≠√†, w·ªçÃÅn pe √≥ n√≠ f√≠√¨m√π tiw·ªçn, w·ªçÃÅn s√¨ m√∫ un w√° s√≠ sinim√°. b√≠ o b√° j·∫πÃÅ ·∫πni t√≥ ≈Ñ ·π£e √†w·ªçn n«πkan ≈Ñl√° l√≥r√≠ √¨k√†nn√¨ √†j·ªçl√≤ or√≠ √ç≈Ñt√°n√©-√®d√®, o ti r√≠ ·ªçÃÄp·ªçÃÄ l√°ra w·ªçn, ·ªçÃÄp·ªçÃÄ √¨gb√† ·π£√°√°j√∫. o k√≤ s√¨ ·π£e√© ·π£e k√≥ o r√≠ w·ªçn b√≠ ohun t√≥ ≈Ñ ·π£e √†w·ªçn ol√π·π£√®Ã£·π£√®Ã£d√° b√≠i m√©l√≤√≥ kan n√≠b√≠ y√¨√≠, n√≠tor√≠ p√© w·ªçn √≤ l√® ·π£e d√°ad√°a n√≠n√∫ f√≠fi √†r√≠y√° ·π£e n«πkan, √®y√≠ s√¨ m√∫ k√≠ 'Social Media 101' m√°a ·π£e er√© t√≥ ≈Ñ m√∫ni l√°y√†, k√≠ √¨j√≠r√≤r√≤ t√≥ ≈Ñ j·∫πÃÅ √≤ru √†ti √¨s·ªçf√∫nni t√≥ ≈Ñ bani n√≠n√∫ j·∫πÃÅ gan-an.	negative
"√ì d√°j√∫ p√© √≤Ã£r√≤Ã£ n√°√† ""√≤Ã£r√≤n√∫"" ni w√≥Ã£n ≈Ñ s·ªç."	negative
Mo t√∫n r√≠ f√≠√¨m√π kan n√≠ N√†√¨j√≠r√≠√† t√≠ √≤Ã£p√≤Ã£ √®√®y√†n ti ≈Ñ s·ªç n√≠pa r·∫πÃÄ, √†m√≥Ã£ t√≠ k√≤ s√≠ n«πkan kan t√≠ mo l√® ·π£e, mi √≤ n√≠ s·ªç f√∫n ·∫πnik·∫πÃÅni p√© k√≥ ·π£e √©.	negative
K√≤ bur√∫ b√©Ã£√®Ã£ r√°r√°, √†m√≥Ã£ gbogbo ohun t√≥ ≈Ñ ·π£·∫πl√®Ã£ n√≠n√∫ f√≠fi √†k·ªçl√© √¨w√© √†ti f√≠fi √¨·π£√®t√≤ ·π£e √†b√°y·ªç ni.	negative
√Äk·ªçl√© f√≠√¨m√π n√°√† k√≤ y√©√© y√©ni, k√≤ s√¨ s√≠ √†k·ªçs√≠l·∫πÃÄ kankan n√≠pa b√≠ Laila ·π£e fara h√†n.	negative
√åt√†n t√≠ k√≤ d√°ra gan-an ni w√≥Ã£n ≈Ñ s·ªç... √†ti √†t√∫nk·ªç √¨t√†n t√≥ p√≤Ã£ gan-an n√≠tor√≠ ohun t√≠ w√≥Ã£n ≈Ñ ·π£e n√≠n√∫ f√≠√¨m√π.	negative
√ì ≈Ñ ·π£e √†·π£√¨·π£e, √≥ ≈Ñ ·π£e ohun t√≠ k√≤ t√≥Ã£, k√≤ s√¨ n√≠ √¨tum√≤Ã£.	negative
K√≤ s√≠ f√≠√¨m√π t√≥ d√°ra r√°r√°	negative
√ì m√°a ≈Ñ d√πn m√≠ gan-an l√°ti r√≠ f√≠√¨m√π y√¨√≠.	negative
√≥ s·ªç √¨t√†n kan t√≥ w√† n√≠ p√†t√≥ kan t√≠ ·∫πn√¨ kan l√® b√∫ra p√© ·ªçm·ªç il√© √¨w√© √¨pil·∫πÃÄ·π£√®Ã£ kan k·ªç n√≠ k√°nj√∫k√°nj√∫ f√∫n √¨fih√†n er√© √¨d√°ray√° n√≠ ·ªåd√∫n √å·π£√†k√≥so ·ªåÃÄd·ªçÃÅ ·ªåÃÄd·ªçÃÅ ·ªåd√∫n	negative
T√≥ o b√° m·ªçy√¨ √†k√≥k√≤ r·∫π, sap√° gan-an l√°ti y·∫πra f√∫n √®y√≠.	negative
·π¢√© f√≠√¨m√π l√® bur√∫, √†m√≥Ã£ ·π£e p√†t√†k√¨?	negative
B√≠ mo b√° j√©Ã£ √≤Ã£j√≤Ã£gb√≥Ã£n n√≠pa f√≠√¨m√π t√≥ ≈Ñ gb√¨y√†nj√∫ l√°ti d√° √†w·ªçn ·ªçm·ªç il√©√®w√© mi l√©Ã£bi, mi √≤ l√® ron√∫ n√≠pa ·∫πni t√≥ d√°ra j√π l·ªç t√≠ mo l√® fi ·π£e √¨fih√†n t√≠ w√≥Ã£n f√©Ã£.	negative
√ì ti p·∫πÃÅ gan-an, k√≤ d√°ra l√°ti ·π£e er√©, k√≤ s√≠ ohun t√≥ ·π£e p√†t√†k√¨ f√∫n un	negative
√Äw·ªçn √¨t√†n t√≥ ≈Ñ s·ªçni l√≥Ã£n√† t√≥ l√°gb√°ra √†ti √¨w√† t√≠ k√≤ d√°ra t√≥ ≈Ñ h√π l√≥ ≈Ñ fi h√†n p√© ·∫πni t√≥ ≈Ñ ·π£e b√≠i p√© √≤un √≤ d√°a ni.	negative
B√°wo ni f√≠√¨m√π kan t√≥ n√≠ ir√∫ √†w·ªçn n«πkan b√©Ã£√®Ã£ ·π£e m√°a ≈Ñ l·ªç l√≥Ã£n√† t√≥ ≈Ñ m√∫ni l√≥Ã£ra t√≥ s√¨ ≈Ñ m√∫ni l√≥Ã£ra t√≥ b√°y√¨√≠?	negative
√¨t√†n y√¨√≠ l√® gba √¨y√¨n l√°t√≤Ã£d√≤Ã£ √†w·ªçn t√≥ ≈Ñ ·π£e √†r√≠y√†njiy√†n, √†m√≥Ã£ k√≤ t√≥ n«πkan, √≥ s√¨ r·ªçr√πn l√°ti gb√†gb√© r√®Ã£.	negative
"f√≠√¨m√π y√¨√≠ k√≤ n√≠ √¨tara t√≥ ti t·∫πÃÅ≈Ñp√¨l√¨ ""oj√∫ k·∫πta"" t√≥ w√† n√≠ ·ªçd√∫n 1990 t√≠ Pa Olu Jacobs ≈Ñ ·π£e."	negative
Nolllywood ≈Ñ b√° a n√¨·π£√≥ l√°ti m√°a fi √¨t√¨j√∫ b√° wa	negative
"√åw√† √¨yanu t√≠ k√≤ ·π£e√© j√° n√≠ koro √†ti √¨ran √≤Ã£h√∫n ni ""Jelili's Survival""."	negative
N√≠gb√† t√≠ f√≠√¨m√π √≤p√¨t√†n t√≥ ≈Ñ j√©Ã£ Chief Daddy par√≠, t√≠ w√≥Ã£n fi ·∫πni tuntun kan h√†n n√≠n√∫ √¨ran t√≥ k√©Ã£y√¨n, √≥ d√° l√≥r√≠ √¨m√∫·π£·∫π √¨m√∫·π£·∫π, √†m√≥Ã£ Chief Daddy 2 m√∫ k√≠ √¨parun ·ªçd√∫n kej√¨ di √¨s√†l√®Ã£.	negative
K√≤ y·∫π k√≠ √®y√≠ par√≠ s√≠ ib·∫πÃÄ... √≤«πk√≤Ã£w√© √†f·ªçw√≥Ã£k·ªç t√≠ k√≤ n√≠ √≤Ã£r√†n √≤p√¨n-√≠n.	negative
K√≤ s√≠ ohun t√≥ l√® ·π£e f√∫n w·ªçn, gbogbo √®√®y√†n l√≥ s√¨ ≈Ñ gb√≥Ã£ √¨r√≤y√¨n n√°√†.	negative
√åy·∫πn √≤ n√≠ j√©Ã£ k√©√®y√†n r√°y√® lo √†k√≥k√≤ √†ti ow√≥ r·∫πÃÄ	negative
f√≠√¨m√π y√¨√≠ k√≤ d√°ra r√°r√°, k√≥d√† √†w·ªçn ·ªçm·ªçd√© p√†√°p√†√° k√≤ n√≠ gb√°d√πn r√®Ã£.	negative
